role,job_id,employer,created,employer_rows_in_role_before_cap,cap_per_employer_in_role,rank_within_employer_most_recent_first,reason
Business Analyst,5786402849,Amazon,2026-07-03T10:30:45Z,46,43,45,employer_cap_5pct
Business Analyst,5786402883,Amazon,2026-07-03T10:30:45Z,46,43,46,employer_cap_5pct
Business Analyst,5802316667,Amazon,2026-07-16T10:42:08Z,46,43,44,employer_cap_5pct
Data Engineer,5864425274,Tata Consultancy Services,2026-09-01T16:20:33Z,27,23,27,employer_cap_5pct
Data Engineer,5867036131,Tata Consultancy Services,2026-09-02T16:42:44Z,27,23,26,employer_cap_5pct
Data Engineer,5867038139,Tata Consultancy Services,2026-09-02T16:44:12Z,27,23,25,employer_cap_5pct
Data Engineer,5870526787,Tata Consultancy Services,2026-09-04T16:57:09Z,27,23,24,employer_cap_5pct
Data Scientist,5804445020,Amazon,2026-07-17T10:43:12Z,99,34,98,employer_cap_5pct
Data Scientist,5804445048,Amazon,2026-07-17T10:43:12Z,99,34,99,employer_cap_5pct
Data Scientist,5807873454,Amazon,2026-07-20T10:44:00Z,99,34,97,employer_cap_5pct
Data Scientist,5811916388,Amazon,2026-07-23T10:51:28Z,99,34,96,employer_cap_5pct
Data Scientist,5812841002,Amazon,2026-07-24T03:24:55Z,99,34,95,employer_cap_5pct
Data Scientist,5818421030,Amazon,2026-07-28T20:50:06Z,99,34,94,employer_cap_5pct
Data Scientist,5822057595,Amazon,2026-07-31T10:54:09Z,99,34,93,employer_cap_5pct
Data Scientist,5823359460,Amazon,2026-08-01T10:49:39Z,99,34,92,employer_cap_5pct
Data Scientist,5824123249,Amazon,2026-08-01T20:45:08Z,99,34,91,employer_cap_5pct
Data Scientist,5825361114,Amazon,2026-08-02T10:54:24Z,99,34,90,employer_cap_5pct
Data Scientist,5828761326,Amazon,2026-08-05T10:53:57Z,99,34,88,employer_cap_5pct
Data Scientist,5828761360,Amazon,2026-08-05T10:53:57Z,99,34,89,employer_cap_5pct
Data Scientist,5830611823,Amazon,2026-08-06T20:44:40Z,99,34,87,employer_cap_5pct
Data Scientist,5834359485,Amazon,2026-08-09T11:03:41Z,99,34,86,employer_cap_5pct
Data Scientist,5839578817,Amazon,2026-08-13T11:01:26Z,99,34,84,employer_cap_5pct
Data Scientist,5839578825,Amazon,2026-08-13T11:01:26Z,99,34,85,employer_cap_5pct
Data Scientist,5841944183,Amazon,2026-08-14T21:00:23Z,99,34,83,employer_cap_5pct
Data Scientist,5843156154,Amazon,2026-08-15T20:42:45Z,99,34,82,employer_cap_5pct
Data Scientist,5843162188,Amazon,2026-08-15T20:50:18Z,99,34,81,employer_cap_5pct
Data Scientist,5843168765,Amazon,2026-08-15T20:57:21Z,99,34,80,employer_cap_5pct
Data Scientist,5843185834,Amazon,2026-08-15T21:05:52Z,99,34,79,employer_cap_5pct
Data Scientist,5843188135,Amazon,2026-08-15T21:06:39Z,99,34,78,employer_cap_5pct
Data Scientist,5843191484,Amazon,2026-08-15T21:08:46Z,99,34,77,employer_cap_5pct
Data Scientist,5844297480,Amazon,2026-08-16T20:48:57Z,99,34,76,employer_cap_5pct
Data Scientist,5844305876,Amazon,2026-08-16T20:57:38Z,99,34,75,employer_cap_5pct
Data Scientist,5849677525,Amazon,2026-08-20T20:45:44Z,99,34,74,employer_cap_5pct
Data Scientist,5850613264,Amazon,2026-08-21T11:10:04Z,99,34,73,employer_cap_5pct
Data Scientist,5854202961,Amazon,2026-08-24T11:11:25Z,99,34,72,employer_cap_5pct
Data Scientist,5856969111,Amazon,2026-08-26T20:55:43Z,99,34,71,employer_cap_5pct
Data Scientist,5856983373,Amazon,2026-08-26T21:04:00Z,99,34,70,employer_cap_5pct
Data Scientist,5861228081,Amazon,2026-08-29T20:53:47Z,99,34,69,employer_cap_5pct
Data Scientist,5861951600,Amazon,2026-08-30T11:20:14Z,99,34,68,employer_cap_5pct
Data Scientist,5862290342,Amazon,2026-08-30T21:01:57Z,99,34,67,employer_cap_5pct
Data Scientist,5864860405,Amazon,2026-09-01T21:05:27Z,99,34,66,employer_cap_5pct
Data Scientist,5867246044,Amazon,2026-09-02T21:39:19Z,99,34,65,employer_cap_5pct
Data Scientist,5871529962,Amazon,2026-09-05T11:05:05Z,99,34,63,employer_cap_5pct
Data Scientist,5871529969,Amazon,2026-09-05T11:05:05Z,99,34,64,employer_cap_5pct
Data Scientist,5873162544,Amazon,2026-09-06T21:03:38Z,99,34,62,employer_cap_5pct
Data Scientist,5873769492,Amazon,2026-09-07T11:05:34Z,99,34,61,employer_cap_5pct
Data Scientist,5875447789,Amazon,2026-09-08T16:11:54Z,99,34,60,employer_cap_5pct
Data Scientist,5876716451,Amazon,2026-09-09T11:06:29Z,99,34,58,employer_cap_5pct
Data Scientist,5876716479,Amazon,2026-09-09T11:06:29Z,99,34,59,employer_cap_5pct
Data Scientist,5877297160,Amazon,2026-09-09T21:39:33Z,99,34,57,employer_cap_5pct
Data Scientist,5878626479,Amazon,2026-09-10T21:10:53Z,99,34,56,employer_cap_5pct
Data Scientist,5878627482,Amazon,2026-09-10T21:11:37Z,99,34,55,employer_cap_5pct
Data Scientist,5878628871,Amazon,2026-09-10T21:12:50Z,99,34,54,employer_cap_5pct
Data Scientist,5878629672,Amazon,2026-09-10T21:13:32Z,99,34,53,employer_cap_5pct
Data Scientist,5878636809,Amazon,2026-09-10T21:16:40Z,99,34,52,employer_cap_5pct
Data Scientist,5878650415,Amazon,2026-09-10T21:20:42Z,99,34,51,employer_cap_5pct
Data Scientist,5878678000,Amazon,2026-09-10T21:26:14Z,99,34,50,employer_cap_5pct
Data Scientist,5878693141,Amazon,2026-09-10T21:31:44Z,99,34,49,employer_cap_5pct
Data Scientist,5878698187,Amazon,2026-09-10T21:34:14Z,99,34,48,employer_cap_5pct
Data Scientist,5878701175,Amazon,2026-09-10T21:36:02Z,99,34,47,employer_cap_5pct
Data Scientist,5878704904,Amazon,2026-09-10T21:37:53Z,99,34,46,employer_cap_5pct
Data Scientist,5878706885,Amazon,2026-09-10T21:38:51Z,99,34,45,employer_cap_5pct
Data Scientist,5879362886,Amazon,2026-09-11T11:10:02Z,99,34,43,employer_cap_5pct
Data Scientist,5879362888,Amazon,2026-09-11T11:10:02Z,99,34,44,employer_cap_5pct
Data Scientist,5879362927,Amazon,2026-09-11T11:10:03Z,99,34,42,employer_cap_5pct
Data Scientist,5879551365,Amazon,2026-09-11T16:13:26Z,99,34,41,employer_cap_5pct
Data Scientist,5879551616,Amazon,2026-09-11T16:13:28Z,99,34,35,employer_cap_5pct
Data Scientist,5879551659,Amazon,2026-09-11T16:13:28Z,99,34,36,employer_cap_5pct
Data Scientist,5879551671,Amazon,2026-09-11T16:13:28Z,99,34,37,employer_cap_5pct
Data Scientist,5879551688,Amazon,2026-09-11T16:13:28Z,99,34,38,employer_cap_5pct
Data Scientist,5879551702,Amazon,2026-09-11T16:13:28Z,99,34,39,employer_cap_5pct
Data Scientist,5879551718,Amazon,2026-09-11T16:13:28Z,99,34,40,employer_cap_5pct
DevOps / Cloud Engineer,5789400437,Accenture,2026-07-06T03:34:13Z,46,45,46,employer_cap_5pct
Project Manager,5889571712,Cushman & Wakefield,2026-09-18T21:57:16Z,17,15,17,employer_cap_5pct
Project Manager,5890802153,Cushman & Wakefield,2026-09-19T21:47:12Z,17,15,16,employer_cap_5pct
Software Engineer,5784970696,Amazon,2026-07-02T10:30:22Z,97,63,97,employer_cap_5pct
Software Engineer,5797313432,Accenture,2026-07-12T03:15:00Z,83,63,83,employer_cap_5pct
Software Engineer,5797366568,Accenture,2026-07-12T03:23:54Z,83,63,82,employer_cap_5pct
Software Engineer,5801787585,Accenture,2026-07-16T03:29:41Z,83,63,81,employer_cap_5pct
Software Engineer,5834741365,Amazon,2026-08-09T20:37:52Z,97,63,96,employer_cap_5pct
Software Engineer,5835310857,Amazon,2026-08-10T10:56:29Z,97,63,94,employer_cap_5pct
Software Engineer,5835310870,Amazon,2026-08-10T10:56:29Z,97,63,95,employer_cap_5pct
Software Engineer,5836841186,Accenture,2026-08-11T20:54:33Z,83,63,80,employer_cap_5pct
Software Engineer,5836872335,Accenture,2026-08-11T21:07:08Z,83,63,79,employer_cap_5pct
Software Engineer,5840391016,Accenture,2026-08-13T20:56:14Z,83,63,78,employer_cap_5pct
Software Engineer,5843175279,Accenture,2026-08-15T21:02:58Z,83,63,77,employer_cap_5pct
Software Engineer,5844296527,Accenture,2026-08-16T20:47:59Z,83,63,76,employer_cap_5pct
Software Engineer,5844310560,Accenture,2026-08-16T21:00:17Z,83,63,75,employer_cap_5pct
Software Engineer,5845249163,Accenture,2026-08-17T21:00:25Z,83,63,74,employer_cap_5pct
Software Engineer,5851137730,Accenture,2026-08-21T20:43:02Z,83,63,73,employer_cap_5pct
Software Engineer,5855494747,Accenture,2026-08-25T21:08:58Z,83,63,72,employer_cap_5pct
Software Engineer,5861219563,Accenture,2026-08-29T20:46:13Z,83,63,71,employer_cap_5pct
Software Engineer,5873156716,Accenture,2026-09-06T21:01:49Z,83,63,70,employer_cap_5pct
Software Engineer,5873160192,Accenture,2026-09-06T21:03:04Z,83,63,69,employer_cap_5pct
Software Engineer,5873194157,Accenture,2026-09-06T21:17:31Z,83,63,68,employer_cap_5pct
Software Engineer,5877258872,Accenture,2026-09-09T21:16:44Z,83,63,67,employer_cap_5pct
Software Engineer,5878640961,Amazon,2026-09-10T21:18:44Z,97,63,93,employer_cap_5pct
Software Engineer,5878684281,Amazon,2026-09-10T21:28:17Z,97,63,92,employer_cap_5pct
Software Engineer,5878711950,Amazon,2026-09-10T21:41:19Z,97,63,91,employer_cap_5pct
Software Engineer,5879923735,Accenture,2026-09-11T21:28:48Z,83,63,66,employer_cap_5pct
Software Engineer,5879925830,Accenture,2026-09-11T21:29:57Z,83,63,65,employer_cap_5pct
Software Engineer,5888770551,Amazon,2026-09-18T11:09:44Z,97,63,90,employer_cap_5pct
Software Engineer,5888770734,Amazon,2026-09-18T11:09:53Z,97,63,88,employer_cap_5pct
Software Engineer,5888770749,Amazon,2026-09-18T11:09:53Z,97,63,89,employer_cap_5pct
Software Engineer,5888770782,Amazon,2026-09-18T11:09:54Z,97,63,87,employer_cap_5pct
Software Engineer,5889085244,Amazon,2026-09-18T16:13:37Z,97,63,86,employer_cap_5pct
Software Engineer,5889503926,Accenture,2026-09-18T21:27:11Z,83,63,64,employer_cap_5pct
Software Engineer,5889558043,Amazon,2026-09-18T21:51:23Z,97,63,85,employer_cap_5pct
Software Engineer,5890769015,Amazon,2026-09-19T21:25:00Z,97,63,84,employer_cap_5pct
Software Engineer,5890789204,Amazon,2026-09-19T21:38:20Z,97,63,83,employer_cap_5pct
Software Engineer,5890803978,Amazon,2026-09-19T21:48:34Z,97,63,82,employer_cap_5pct
Software Engineer,5890808976,Amazon,2026-09-19T21:51:49Z,97,63,81,employer_cap_5pct
Software Engineer,5890812154,Amazon,2026-09-19T21:53:37Z,97,63,80,employer_cap_5pct
Software Engineer,5890813125,Amazon,2026-09-19T21:54:12Z,97,63,79,employer_cap_5pct
Software Engineer,5891403474,Amazon,2026-09-20T11:09:56Z,97,63,78,employer_cap_5pct
Software Engineer,5891403661,Amazon,2026-09-20T11:10:23Z,97,63,74,employer_cap_5pct
Software Engineer,5891403662,Amazon,2026-09-20T11:10:23Z,97,63,75,employer_cap_5pct
Software Engineer,5891403693,Amazon,2026-09-20T11:10:23Z,97,63,76,employer_cap_5pct
Software Engineer,5891403713,Amazon,2026-09-20T11:10:23Z,97,63,77,employer_cap_5pct
Software Engineer,5891906501,Amazon,2026-09-20T21:52:23Z,97,63,73,employer_cap_5pct
Software Engineer,5892381676,Amazon,2026-09-21T11:10:49Z,97,63,72,employer_cap_5pct
Software Engineer,5893618776,Amazon,2026-09-22T11:11:19Z,97,63,71,employer_cap_5pct
Software Engineer,5894078557,Amazon,2026-09-22T21:26:13Z,97,63,70,employer_cap_5pct
Software Engineer,5894126441,Amazon,2026-09-22T21:47:47Z,97,63,69,employer_cap_5pct
Software Engineer,5894828943,Amazon,2026-09-23T11:11:19Z,97,63,68,employer_cap_5pct
Software Engineer,5895354252,Amazon,2026-09-23T21:25:43Z,97,63,67,employer_cap_5pct
Software Engineer,5895354441,Amazon,2026-09-23T21:25:52Z,97,63,66,employer_cap_5pct
Software Engineer,5895372389,Amazon,2026-09-23T21:37:21Z,97,63,65,employer_cap_5pct
Software Engineer,5895381563,Amazon,2026-09-23T21:42:33Z,97,63,64,employer_cap_5pct
