role,sample_index,job_id,title,mapping_tier,label,reason_code
Software Engineer,1,5864434547,Historian System and Software Engineer,canonical,ambiguous,system_software_hybrid
Software Engineer,2,5866922827,Software Engineer,canonical,correct,
Software Engineer,3,5869171304,Staff Software Development Engineer - DevOps,canonical,correct,
Software Engineer,4,5876718714,"Senior Software Engineer, YouTube Live, Creator Platform",canonical,correct,
Software Engineer,5,5876949162,Software Engineer,canonical,correct,
Software Engineer,6,5887892553,Software Engineer,canonical,correct,
Software Engineer,7,5888771191,Senior Software Developer - D365 CE,canonical,correct,
Software Engineer,8,5888968649,Senior Software Engineer,canonical,correct,
Software Engineer,9,5889501167,Systems/Software Engineer II (Platform diagnostics software development),canonical,correct,
Software Engineer,10,5890768854,Software Development Engineer 3 - Microsoft Dynamics Developer,canonical,correct,
Software Engineer,11,5896030195,Software Developer Intern,canonical,correct,
Software Engineer,12,5896366402,Software Development Engineer II,canonical,correct,
Software Engineer,13,5896658312,"Staff Software Developer, Salesforce",canonical,correct,
Software Engineer,14,5896675600,"Software Development Engineer, Customer Experience and Business Trends",canonical,correct,
Software Engineer,15,5900730527,Software Engineer-Java Angular,canonical,correct,
Software Engineer,16,5900743817,"Software Engineer II, ITC",canonical,correct,
Software Engineer,17,5901762425,Lead Software Engineer (Back-End Engineer),canonical,correct,
Software Engineer,18,5902729718,SENIOR SOFTWARE ENGINEER - Embedded C++,canonical,correct,
Software Engineer,19,5902909514,Sr. Software Engineer- C++,canonical,correct,
Software Engineer,20,5902913391,Staff Software Development Engineer,canonical,correct,
Data Analyst,1,5808699201,Senior HR Analytics Data Analyst,canonical,correct,
Data Analyst,2,5832798151,Operational Data Analyst,canonical,correct,
Data Analyst,3,5845819993,Drone Data Analyst and Drone Operations Manager Bhubaneswar,canonical,ambiguous,hybrid_operations_manager
Data Analyst,4,5845820418,Data Analyst Data Science Chennai Tamil Nadu India,canonical,correct,
Data Analyst,5,5849135074,Data Analyst,canonical,correct,
Data Analyst,6,5851860321,Flight Data Analyst,canonical,correct,
Data Analyst,7,5854880219,Data Analyst -Survey Administration,canonical,correct,
Data Analyst,8,5861793318,Senior Data Analyst,canonical,correct,
Data Analyst,9,5867038166,Data Analyst,canonical,correct,
Data Analyst,10,5868794225,Data Analyst,canonical,correct,
Data Analyst,11,5869814087,Sr. Data Analyst (Data Science),canonical,correct,
Data Analyst,12,5871276654,Quantitative Data Analyst,canonical,correct,
Data Analyst,13,5876013496,Senior Data Analyst,canonical,correct,
Data Analyst,14,5876718084,Data Analyst,canonical,correct,
Data Analyst,15,5876872332,"Senior Business Intelligence Analyst, Global Sales",synonym,correct,
Data Analyst,16,5887521034,"Senior Data Analyst - SQL, BI Reporting & SAP BW",canonical,correct,
Data Analyst,17,5887951604,Litigation Data Analyst,canonical,correct,
Data Analyst,18,5888775257,Senior Data Analyst,canonical,correct,
Data Analyst,19,5898488442,"Data Analyst, EDT Data Strategy & Marketing",canonical,correct,
Data Analyst,20,5900357011,Senior Data Analyst,canonical,correct,
Data Scientist,1,5802152645,Senior Machine Learning Engineer,synonym,ambiguous,family:ml_engineer
Data Scientist,2,5829195104,"Applied Scientist, Alexa International Tech",synonym,correct,
Data Scientist,3,5830611823,"Applied Scientist II, Alexa AI",synonym,correct,
Data Scientist,4,5832093736,Machine Learning Engineer,synonym,ambiguous,family:ml_engineer
Data Scientist,5,5862785824,Machine Learning Engineer - APAC,synonym,ambiguous,family:ml_engineer
Data Scientist,6,5875742181,Lead Machine Learning Engineer (MLops),synonym,ambiguous,family:ml_engineer
Data Scientist,7,5876010793,Data Scientist,canonical,correct,
Data Scientist,8,5876291852,DATA SCIENTIST / AI-ML / GEN AI ENGINEER,canonical,correct,
Data Scientist,9,5876698693,HR Data Scientist (People Analytics & Automation),canonical,correct,
Data Scientist,10,5877287393,AVP - Data Scientist & AI Engineer,canonical,correct,
Data Scientist,11,5878678000,"Applied Scientist II, Translation Services",synonym,correct,
Data Scientist,12,5879142487,Principal Data Scientist - Credit Risk/Lending,canonical,correct,
Data Scientist,13,5879362888,"Senior Applied Scientist, Amazon Music - Search Science, Amazon Music - Search Science",synonym,correct,
Data Scientist,14,5887956728,Principal Clinical Data Scientist,canonical,correct,
Data Scientist,15,5892689824,Senior Staff Machine Learning Engineer,synonym,ambiguous,family:ml_engineer
Data Scientist,16,5894082565,AI/ML Data Scientist,canonical,correct,
Data Scientist,17,5895401011,Machine Learning Engineer,synonym,ambiguous,family:ml_engineer
Data Scientist,18,5897176790,Machine Learning Engineer,synonym,ambiguous,family:ml_engineer
Data Scientist,19,5901252795,"Sr Applied Scientist, Amazon Shipping",synonym,correct,
Data Scientist,20,5902287312,Data Scientist III,canonical,correct,
Data Engineer,1,5832087737,"Data Engineer - Amazon Flex, Flex Analytics",canonical,correct,
Data Engineer,2,5832798135,ETL Developer,synonym,correct,
Data Engineer,3,5832798233,Big Data Engineer,canonical,correct,
Data Engineer,4,5859757280,Data Engineer- Senior Associate- Analytics as Service - Operate,canonical,correct,
Data Engineer,5,5871278980,ETL Developer (ODI),synonym,correct,
Data Engineer,6,5875084318,Data Engineer-Data Platforms-AWS,canonical,correct,
Data Engineer,7,5878277485,Analytics Engineer Intern,synonym,ambiguous,family:analytics_engineer
Data Engineer,8,5890613486,Ab Initio ETL Developer,synonym,correct,
Data Engineer,9,5894230944,Data Engineer - ETL Development,canonical,correct,
Data Engineer,10,5897068106,Specialist Data Engineer,canonical,correct,
Data Engineer,11,5898505377,Data Engineer / Senior Data Engineer,canonical,correct,
Data Engineer,12,5899864392,"Sr. Security Data Engineer & Developer, Security Data Platform",canonical,correct,
Data Engineer,13,5900348940,Data Engineer,canonical,correct,
Data Engineer,14,5900354539,Data Engineer III GBS IND,canonical,correct,
Data Engineer,15,5900748323,Data Engineer II,canonical,correct,
Data Engineer,16,5900808802,Senior Data Engineer,canonical,correct,
Data Engineer,17,5900875379,Senior Data Engineer – Spark Streaming & Kafka,canonical,correct,
Data Engineer,18,5900876224,Lead Data Engineer- MS Fabric,canonical,correct,
Data Engineer,19,5901762429,Senior GCP Data Engineer,canonical,correct,
Data Engineer,20,5902942187,Data Engineer- Customer Recommender,canonical,correct,
DevOps / Cloud Engineer,1,5822050828,Site Reliability Engineer 2,synonym,correct,
DevOps / Cloud Engineer,2,5831396032,Site Reliability Engineer - Lead,synonym,correct,
DevOps / Cloud Engineer,3,5855494816,Senior Site Reliability Engineer,synonym,correct,
DevOps / Cloud Engineer,4,5856198115,Azure Senior Site Reliability Engineer,synonym,correct,
DevOps / Cloud Engineer,5,5860533562,Devops Engineer,canonical,correct,
DevOps / Cloud Engineer,6,5862288626,Senior DevOps Engineer,canonical,correct,
DevOps / Cloud Engineer,7,5869153521,Senior Backend & Cloud Engineer,synonym,ambiguous,hybrid_backend_cloud
DevOps / Cloud Engineer,8,5872125792,Sr Site Reliability Engineer,synonym,correct,
DevOps / Cloud Engineer,9,5876534844,Senior Data Platform Engineer,synonym,ambiguous,data_platform_engineer
DevOps / Cloud Engineer,10,5878278215,Threat Intelligence Platform Engineer,synonym,ambiguous,platform_engineer_generic
DevOps / Cloud Engineer,11,5882274729,"Site Reliability Engineer - Devops, AWS, Python/GO - 4 to 8 years",synonym,correct,
DevOps / Cloud Engineer,12,5882766041,Senior DevOps Engineer,canonical,correct,
DevOps / Cloud Engineer,13,5887208051,Azure DevOps Engineer,canonical,correct,
DevOps / Cloud Engineer,14,5889221319,AWS DevOps Engineer (with Networking Skills),canonical,correct,
DevOps / Cloud Engineer,15,5894129291,AI/ML Site Reliability Engineer,synonym,correct,
DevOps / Cloud Engineer,16,5895362318,"DevOps Engineer, Actimize",canonical,correct,
DevOps / Cloud Engineer,17,5897038409,Staff Platform Engineer,synonym,ambiguous,platform_engineer_generic
DevOps / Cloud Engineer,18,5902068580,Devops Engineer,canonical,correct,
DevOps / Cloud Engineer,19,5902068603,PLATFORM ENGINEER,synonym,ambiguous,platform_engineer_generic
DevOps / Cloud Engineer,20,5902535307,Senior DevOps Engineer - Tieto Banktech,canonical,correct,
Business Analyst,1,5812865596,Group Product Analyst II,synonym,ambiguous,family:product_analyst
Business Analyst,2,5848387185,Senior Product Analyst,synonym,ambiguous,family:product_analyst
Business Analyst,3,5850380679,Business Analyst,canonical,correct,
Business Analyst,4,5860541862,Security System Analyst- Level 1,synonym,incorrect,security_operations_analyst
Business Analyst,5,5860799309,"Product Analyst, Java/J2EE",synonym,ambiguous,family:product_analyst
Business Analyst,6,5862885365,UK Tax - Global Innovation and Investment Incentives (Gi3 UK) - Business Analyst - Senior Tax Services – Bengaluru,canonical,correct,
Business Analyst,7,5869200745,Oracle Fusion Controls and System Analyst,synonym,ambiguous,family:systems_functional_analyst
Business Analyst,8,5879907685,Lead Business Analyst,canonical,correct,
Business Analyst,9,5885970300,Business Analyst Lead,canonical,correct,
Business Analyst,10,5886664665,Senior Associate - Business Analyst​,canonical,correct,
Business Analyst,11,5888520901,Business Analyst - Presales,canonical,correct,
Business Analyst,12,5888744464,Senior Business Analyst - Cloud Migration - M/SM Level,canonical,correct,
Business Analyst,13,5889497944,Finance Change Business Analyst,canonical,correct,
Business Analyst,14,5891903629,Associate Manager Business Analyst,canonical,correct,
Business Analyst,15,5891903898,Sr Systems Analyst (Oracle Fusion experience)- Hyderabad- Hybrid (2nd shift),synonym,ambiguous,family:systems_functional_analyst
Business Analyst,16,5894231011,Business Analyst,canonical,correct,
Business Analyst,17,5897176733,Senior Business Analyst,canonical,correct,
Business Analyst,18,5898655759,Business Analyst,canonical,correct,
Business Analyst,19,5900734611,Senior Business Analyst,canonical,correct,
Business Analyst,20,5902286324,Business & Systems Analyst (BSA) - Remote,synonym,correct,
Product Manager,1,5841954870,"Senior Vice President, POM Product Owner",synonym,ambiguous,family:product_owner
Product Manager,2,5850376467,Associate Product Manager,canonical,correct,
Product Manager,3,5855472291,Product Owner - Veribranch,synonym,ambiguous,family:product_owner
Product Manager,4,5861231757,Finance Product Owner Associate,synonym,ambiguous,family:product_owner
Product Manager,5,5876947455,Product Owner Banking Rails Money Movement,synonym,ambiguous,family:product_owner
Product Manager,6,5887938724,Product Owner,synonym,ambiguous,family:product_owner
Product Manager,7,5887966952,SFS Product Manager,canonical,correct,
Product Manager,8,5889345240,"Product Manager, Grid-Tie / On-Grid Inverter",canonical,correct,
Product Manager,9,5889526623,Product Manager,canonical,correct,
Product Manager,10,5891403652,"Senior Product Manager Tech, EU INTech - PGX",canonical,correct,
Product Manager,11,5892973377,Product Owner,synonym,ambiguous,family:product_owner
Product Manager,12,5893831264,Product Owner - Design Automation,synonym,ambiguous,family:product_owner
Product Manager,13,5894179640,Product Owner,synonym,ambiguous,family:product_owner
Product Manager,14,5895349242,"Sr. Product Manager, Progression Intelligence",canonical,correct,
Product Manager,15,5895355940,Staff Product Manager,canonical,correct,
Product Manager,16,5895470027,Principal Product Manager - Business Onboarding Verification,canonical,correct,
Product Manager,17,5898165768,Senior Product Manager - Pro Onboarding,canonical,correct,
Product Manager,18,5901482418,Software Lifecycle Product Owner,synonym,ambiguous,family:product_owner
Product Manager,19,5901697406,Product Manager-ILG (Infrastructure & Logistics Group)-Product Manager,canonical,correct,
Product Manager,20,5902911786,Product Manager-SALARIED PERSONAL LOANS-NEW-Product Manager,canonical,correct,
Project Manager,1,5851144631,Delivery/ Project Manager - Capital Markets & Trading - - (BFSI)[Shephali],canonical,ambiguous,hybrid_delivery_project_manager
Project Manager,2,5859117877,Project Manager /Scrum Master,canonical,correct,
Project Manager,3,5881150969,"Project Manager - Salesforce Process & Delivery, Officer",canonical,correct,
Project Manager,4,5889553005,Technical Project Manager-(CCAAS & Voice Bot Delivery),canonical,correct,
Project Manager,5,5889571712,Project Manager,canonical,correct,
Project Manager,6,5889577056,CargoWise Project Manager,canonical,correct,
Project Manager,7,5890486978,Project Manager - SaT - GOV - SaT - TCF - Infrastructure Advisory - Ahmedabad,canonical,correct,
Project Manager,8,5890612504,GCP Project Manager,canonical,correct,
Project Manager,9,5890613566,Project Manager,canonical,correct,
Project Manager,10,5890802153,Assistant Project Manager,canonical,correct,
Project Manager,11,5890814684,Senior Project Manager,canonical,correct,
Project Manager,12,5891403973,Project Manager -Scrum Master - Assistant Vice President,canonical,correct,
Project Manager,13,5891689173,Assistant Project Manager (LPG Commercial),canonical,ambiguous,unclear_domain
Project Manager,14,5892855217,Marketing Project Manager Associate,canonical,correct,
Project Manager,15,5893187953,Senior Project Manager – Oil & Gas / Industrial Projects - Thane,canonical,ambiguous,industrial_construction_domain
Project Manager,16,5894087604,Project Manager,canonical,correct,
Project Manager,17,5894099544,People Experience & Change Specialist (Associate Project Manager),canonical,ambiguous,hybrid_change_specialist
Project Manager,18,5895356567,Project Manager,canonical,correct,
Project Manager,19,5895358266,"Sr Project Manager, Professional Services",canonical,correct,
Project Manager,20,5895406670,Assistant Project Manager,canonical,correct,
Project Manager,21,5895535246,SAP Project Manager,canonical,correct,
Project Manager,22,5896068570,Project Manager,canonical,correct,
Project Manager,23,5896367433,Project Manager,canonical,correct,
Project Manager,24,5896613853,Junior Project Manager,canonical,correct,
Project Manager,25,5897038938,Assistant Project Manager,canonical,correct,
Project Manager,26,5897039501,Associate Project Manager,canonical,correct,
Project Manager,27,5897044606,Sr. Technology Project Manager,canonical,correct,
Project Manager,28,5897054374,Senior Project Manager,canonical,correct,
Project Manager,29,5897060346,Technical Project Manager,canonical,correct,
Project Manager,30,5897296398,Project Manager Observability,canonical,correct,
Project Manager,31,5897335681,Finance Integration Project Manager (Post Merger Integration),canonical,correct,
Project Manager,32,5897949675,Project Manager,canonical,correct,
Project Manager,33,5898178930,NPDI Project Manager Products and Solutions - Engineering Senior Analyst,canonical,ambiguous,npdi_engineering_analyst
Project Manager,34,5898179016,Senior Project Manager,canonical,correct,
Project Manager,35,5898399968,SAP Project Manager,canonical,correct,
Project Manager,36,5898490897,Innovation Portfolio & Project Manager - IMEA,canonical,ambiguous,hybrid_portfolio
Project Manager,37,5899259783,Data Center Project Manager – Network Connectivity & Structured Cabling,canonical,ambiguous,infrastructure_construction_domain
Project Manager,38,5899281352,Sr. Project Manager,canonical,correct,
Project Manager,39,5899328299,Project Manager - Data,canonical,correct,
Project Manager,40,5899510821,Project Manager,canonical,correct,
Project Manager,41,5899510939,Technical Project Manager,canonical,correct,
Project Manager,42,5899840661,Senior Project Manager,canonical,correct,
Project Manager,43,5899847580,Project Manager,canonical,correct,
Project Manager,44,5899854600,Technical Project Manager,canonical,correct,
Project Manager,45,5899871250,Project Manager - Flare Systems | Heavy Engineering | Oil & Gas | Pressure Vessels,canonical,ambiguous,heavy_engineering_domain
Project Manager,46,5900183995,Project Manager,canonical,correct,
Project Manager,47,5902841827,Project Manager - India,canonical,correct,
Project Manager,48,5902913222,Project Manager,canonical,correct,
Project Manager,49,5902913760,Project Manager Observability,canonical,correct,
Project Manager,50,5902913853,Customer Project Manager,canonical,correct,
Digital Marketing,1,5793986993,SEO Specialist,synonym,correct,
Digital Marketing,2,5815241059,Digital Marketing Faculty,canonical,incorrect,teaching_role_faculty
Digital Marketing,3,5816439324,Digital Marketing Manager,canonical,correct,
Digital Marketing,4,5832798272,Digital Marketing Specialist,canonical,correct,
Digital Marketing,5,5842589805,Digital Marketing Executive And Seo Analyst,canonical,correct,
Digital Marketing,6,5849116304,Growth Manager - Performance Marketing,synonym,correct,
Digital Marketing,7,5854847264,Content and Creative Strategist Digital Marketing Agency D2C,canonical,ambiguous,content_strategist_agency
Digital Marketing,8,5857748633,Digital Marketing Executive,canonical,correct,
Digital Marketing,9,5858121092,Digital Marketing,canonical,correct,
Digital Marketing,10,5866126796,Digital Marketing & Creative Operations Manager,canonical,ambiguous,creative_operations_manager
Digital Marketing,11,5879902508,Performance Marketing Manager,synonym,correct,
Digital Marketing,12,5884155779,MOC Performance Marketing Sr Exec/Asst Mngr M/F 5-6YRS(7-11 LPA),synonym,correct,
Digital Marketing,13,5885447126,Digital Marketing Specialist Content Marketing India GDC Gurugram New Delhi,canonical,correct,
Digital Marketing,14,5885450808,Digital Marketing Account Manager - Intern,canonical,correct,
Digital Marketing,15,5891693404,"Business Development Manager — Agency Sales, US Clients (Digital Marketing Experience Required)",canonical,incorrect,sales_role_mentions_digital_marketing
Digital Marketing,16,5891878416,Sr. Digital Marketing Analyst,canonical,correct,
Digital Marketing,17,5894623404,Digital Marketing Executive,canonical,correct,
Digital Marketing,18,5895239840,WordPress Developer & SEO Specialist,synonym,ambiguous,hybrid_developer_seo
Digital Marketing,19,5899029225,Performance Marketing Manager,synonym,correct,
Digital Marketing,20,5902841838,Performance Marketing Specialist - Dostt Supply,synonym,correct,
Graphic Designer,1,5836575902,Graphic Designer,canonical,correct,
Graphic Designer,2,5840369677,Lead Digital Visual Designer,synonym,ambiguous,visual_designer_digital
Graphic Designer,3,5842613329,Senior Graphic Designer,canonical,correct,
Graphic Designer,4,5847243722,Graphic designer,canonical,correct,
Graphic Designer,5,5854847275,Graphic Designer Marketing and Design,canonical,correct,
Graphic Designer,6,5856196294,Graphic Designer,canonical,correct,
Graphic Designer,7,5857139875,AI Graphic Designer,canonical,correct,
Graphic Designer,8,5860534840,Graphic Designer,canonical,correct,
Graphic Designer,9,5860977404,Senior Graphic Designer,canonical,correct,
Graphic Designer,10,5861792455,Video Editor and Graphic Designer,canonical,ambiguous,hybrid_video
Graphic Designer,11,5872936948,Senior Graphic Designer,canonical,correct,
Graphic Designer,12,5876947821,Graphic Designer Multitasking Wizard,canonical,correct,
Graphic Designer,13,5880953054,Graphic Designer,canonical,correct,
Graphic Designer,14,5886402711,Senior Graphic Designer,canonical,correct,
Graphic Designer,15,5889221399,Creative Designer,synonym,ambiguous,creative_designer_generic
Graphic Designer,16,5889557101,Graphic Designer,canonical,correct,
Graphic Designer,17,5891690222,Graduate Trainee- Graphic Designer,canonical,correct,
Graphic Designer,18,5896613742,Graphic Designer,canonical,correct,
Graphic Designer,19,5897294743,Multimedia Graphic Designer,canonical,correct,
Graphic Designer,20,5899844231,Lead Visual Designer,synonym,ambiguous,visual_designer_generic
