date,SQL,Python,Power BI,Tableau,Excel,isPartial
2021-09-26,30,56,4,2,60,False
2021-10-03,31,54,4,2,60,False
2021-10-10,27,46,4,2,50,False
2021-10-17,33,56,4,2,58,False
2021-10-24,33,59,5,3,59,False
2021-10-31,21,39,3,2,42,False
2021-11-07,31,56,5,2,58,False
2021-11-14,33,59,5,3,62,False
2021-11-21,35,60,5,3,66,False
2021-11-28,36,57,5,3,65,False
2021-12-05,35,58,5,3,69,False
2021-12-12,36,65,5,3,68,False
2021-12-19,32,61,5,2,67,False
2021-12-26,26,49,3,2,57,False
2022-01-02,41,72,6,3,81,False
2022-01-09,38,76,5,3,73,False
2022-01-16,39,72,6,4,70,False
2022-01-23,40,79,5,7,72,False
2022-01-30,49,85,6,4,88,False
2022-02-06,48,90,6,4,85,False
2022-02-13,49,99,6,4,84,False
2022-02-20,48,99,6,3,86,False
2022-02-27,48,94,6,4,85,False
2022-03-06,48,96,6,3,80,False
2022-03-13,47,89,5,4,76,False
2022-03-20,48,91,6,3,80,False
2022-03-27,43,79,5,3,75,False
2022-04-03,44,85,6,3,81,False
2022-04-10,35,70,5,3,69,False
2022-04-17,45,89,6,3,75,False
2022-04-24,43,84,6,3,80,False
2022-05-01,38,74,5,3,69,False
2022-05-08,43,80,6,3,76,False
2022-05-15,41,73,5,3,71,False
2022-05-22,41,76,5,3,74,False
2022-05-29,40,72,5,3,75,False
2022-06-05,40,74,5,3,74,False
2022-06-12,41,75,6,3,76,False
2022-06-19,40,74,6,4,76,False
2022-06-26,40,72,6,3,76,False
2022-07-03,39,74,5,3,79,False
2022-07-10,40,78,5,3,84,False
2022-07-17,41,76,6,3,80,False
2022-07-24,40,81,6,3,85,False
2022-07-31,41,81,6,3,81,False
2022-08-07,38,79,5,3,76,False
2022-08-14,36,74,5,3,68,False
2022-08-21,43,88,6,3,76,False
2022-08-28,39,77,5,3,74,False
2022-09-04,42,75,5,3,75,False
2022-09-11,47,84,6,4,80,False
2022-09-18,45,90,6,3,78,False
2022-09-25,45,86,6,3,78,False
2022-10-02,34,69,4,3,67,False
2022-10-09,42,80,6,3,76,False
2022-10-16,42,78,5,3,74,False
2022-10-23,28,62,4,2,53,False
2022-10-30,39,77,5,3,76,False
2022-11-06,41,84,6,3,79,False
2022-11-13,48,92,6,4,88,False
2022-11-20,45,87,6,4,79,False
2022-11-27,45,91,6,3,85,False
2022-12-04,41,83,5,4,81,False
2022-12-11,41,81,6,3,78,False
2022-12-18,39,82,5,3,78,False
2022-12-25,33,73,5,3,77,False
2023-01-01,40,81,5,3,79,False
2023-01-08,40,82,6,3,80,False
2023-01-15,43,80,6,3,82,False
2023-01-22,38,83,6,5,74,False
2023-01-29,45,88,6,5,86,False
2023-02-05,44,90,6,4,84,False
2023-02-12,43,85,7,4,81,False
2023-02-19,44,86,7,4,84,False
2023-02-26,44,87,7,3,88,False
2023-03-05,38,78,6,3,74,False
2023-03-12,46,82,7,4,83,False
2023-03-19,43,83,7,3,78,False
2023-03-26,42,78,6,3,79,False
2023-04-02,38,69,6,3,81,False
2023-04-09,38,74,7,3,86,False
2023-04-16,38,69,6,3,77,False
2023-04-23,38,74,6,3,82,False
2023-04-30,33,63,6,3,75,False
2023-05-07,33,64,6,3,74,False
2023-05-14,34,65,6,3,75,False
2023-05-21,36,62,6,3,73,False
2023-05-28,34,64,6,3,81,False
2023-06-04,35,65,7,3,84,False
2023-06-11,37,69,7,4,86,False
2023-06-18,39,68,7,4,84,False
2023-06-25,36,67,7,3,81,False
2023-07-02,38,77,7,3,91,False
2023-07-09,39,77,8,3,89,False
2023-07-16,39,78,8,3,89,False
2023-07-23,38,78,8,3,90,False
2023-07-30,39,80,8,3,90,False
2023-08-06,38,81,8,3,89,False
2023-08-13,34,71,6,3,72,False
2023-08-20,39,80,7,3,83,False
2023-08-27,34,77,7,3,76,False
2023-09-03,36,74,6,3,81,False
2023-09-10,38,75,7,3,81,False
2023-09-17,34,75,6,3,77,False
2023-09-24,37,75,6,3,80,False
2023-10-01,35,74,6,3,82,False
2023-10-08,37,75,7,3,78,False
2023-10-15,35,65,6,3,79,False
2023-10-22,29,59,6,3,66,False
2023-10-29,35,72,6,3,76,False
2023-11-05,32,68,5,2,73,False
2023-11-12,26,54,5,2,60,False
2023-11-19,34,70,6,3,75,False
2023-11-26,34,68,7,3,79,False
2023-12-03,33,71,6,3,82,False
2023-12-10,35,73,7,3,81,False
2023-12-17,32,64,6,3,79,False
2023-12-24,25,53,4,2,65,False
2023-12-31,30,60,6,3,85,False
2024-01-07,37,72,7,3,87,False
2024-01-14,34,68,7,3,79,False
2024-01-21,34,70,6,4,72,False
2024-01-28,44,86,9,4,99,False
2024-02-04,45,86,8,4,97,False
2024-02-11,41,87,8,4,92,False
2024-02-18,41,84,9,4,93,False
2024-02-25,40,83,9,3,99,False
2024-03-03,40,77,9,3,93,False
2024-03-10,42,80,9,4,95,False
2024-03-17,42,77,9,3,94,False
2024-03-24,32,65,7,3,81,False
2024-03-31,39,74,9,3,95,False
2024-04-07,32,61,7,3,84,False
2024-04-14,36,67,8,3,84,False
2024-04-21,35,68,8,3,86,False
2024-04-28,32,64,7,3,85,False
2024-05-05,34,64,8,3,87,False
2024-05-12,33,61,8,3,81,False
2024-05-19,34,64,8,3,80,False
2024-05-26,34,62,8,3,88,False
2024-06-02,30,63,8,3,81,False
2024-06-09,34,64,9,3,87,False
2024-06-16,35,68,9,3,82,False
2024-06-23,34,64,9,3,84,False
2024-06-30,35,69,9,3,96,False
2024-07-07,36,69,9,3,91,False
2024-07-14,36,73,10,3,94,False
2024-07-21,36,73,10,3,97,False
2024-07-28,36,71,10,3,93,False
2024-08-04,38,75,10,3,93,False
2024-08-11,31,65,8,3,82,False
2024-08-18,35,70,9,3,89,False
2024-08-25,36,72,9,3,95,False
2024-09-01,35,70,9,3,93,False
2024-09-08,36,74,9,3,94,False
2024-09-15,36,74,9,3,92,False
2024-09-22,36,72,9,3,90,False
2024-09-29,31,63,7,3,87,False
2024-10-06,31,59,7,2,82,False
2024-10-13,32,65,8,3,85,False
2024-10-20,33,68,9,3,90,False
2024-10-27,22,49,6,2,62,False
2024-11-03,30,60,7,3,87,False
2024-11-10,35,68,9,3,88,False
2024-11-17,33,68,9,3,90,False
2024-11-24,32,69,8,3,93,False
2024-12-01,33,65,8,3,98,False
2024-12-08,33,68,8,3,99,False
2024-12-15,30,66,8,3,91,False
2024-12-22,23,54,6,2,79,False
2024-12-29,23,53,6,2,81,False
2025-01-05,34,72,9,3,97,False
2025-01-12,28,61,8,3,88,False
2025-01-19,34,76,9,3,97,False
2025-01-26,37,75,10,5,100,False
2025-02-02,34,80,9,3,100,False
2025-02-09,35,76,9,3,97,False
2025-02-16,33,70,9,3,93,False
2025-02-23,30,65,9,3,87,False
2025-03-02,31,70,9,3,97,False
2025-03-09,30,67,8,3,88,False
2025-03-16,34,70,9,3,98,False
2025-03-23,31,66,8,3,90,False
2025-03-30,26,55,7,2,91,False
2025-04-06,29,56,8,3,91,False
2025-04-13,25,50,7,2,85,False
2025-04-20,27,55,7,3,86,False
2025-04-27,24,49,7,2,83,False
2025-05-04,24,49,7,2,83,False
2025-05-11,25,53,7,2,89,False
2025-05-18,25,52,8,2,87,False
2025-05-25,26,50,7,3,84,False
2025-06-01,25,53,7,2,92,False
2025-06-08,26,59,8,3,97,False
2025-06-15,26,57,7,3,89,False
2025-06-22,25,56,7,2,87,False
2025-06-29,25,58,8,2,96,False
2025-07-06,26,59,8,2,89,False
2025-07-13,25,61,8,2,92,False
2025-07-20,26,62,7,2,89,False
2025-07-27,26,65,8,2,92,False
2025-08-03,26,63,8,2,93,False
2025-08-10,22,56,6,2,76,False
2025-08-17,25,66,7,2,89,False
2025-08-24,23,57,6,2,86,False
2025-08-31,24,56,6,2,87,False
2025-09-07,25,59,6,2,93,False
2025-09-14,25,57,6,2,88,False
2025-09-21,24,53,6,2,85,False
2025-09-28,17,43,5,2,75,False
2025-10-05,23,56,6,2,85,False
2025-10-12,21,51,5,2,80,False
2025-10-19,15,39,4,2,55,False
2025-10-26,22,55,6,2,84,False
2025-11-02,25,60,7,2,89,False
2025-11-09,26,60,7,3,88,False
2025-11-16,25,61,7,2,85,False
2025-11-23,23,58,7,2,81,False
2025-11-30,23,59,7,2,90,False
2025-12-07,24,59,7,2,88,False
2025-12-14,23,59,6,2,80,False
2025-12-21,17,46,5,1,67,False
2025-12-28,15,44,5,1,70,False
2026-01-04,23,53,6,2,85,False
2026-01-11,19,45,6,2,70,False
2026-01-18,24,53,6,2,77,False
2026-01-25,22,56,6,4,73,False
2026-02-01,22,55,6,2,79,False
2026-02-08,24,67,6,2,76,False
2026-02-15,21,58,6,2,78,False
2026-02-22,21,54,6,2,79,False
2026-03-01,17,45,5,2,68,False
2026-03-08,20,51,5,2,76,False
2026-03-15,17,49,5,2,70,False
2026-03-22,19,49,6,2,72,False
2026-03-29,17,45,5,2,71,False
2026-04-05,18,45,5,2,74,False
2026-04-12,16,42,5,2,71,False
2026-04-19,15,42,5,2,69,False
2026-04-26,15,39,4,1,69,False
2026-05-03,16,38,5,1,69,False
2026-05-10,16,40,5,1,68,False
2026-05-17,14,38,5,1,67,False
2026-05-24,14,38,5,1,67,False
2026-05-31,16,44,5,1,76,False
2026-06-07,16,43,5,1,71,False
2026-06-14,16,42,5,1,67,False
2026-06-21,15,43,5,1,67,False
2026-06-28,16,46,5,1,77,False
2026-07-05,17,45,5,1,72,False
2026-07-12,17,47,5,1,74,False
2026-07-19,18,51,6,1,78,False
2026-07-26,18,53,5,1,78,False
2026-08-02,18,52,5,1,80,False
2026-08-09,17,47,5,1,67,False
2026-08-16,19,50,5,1,75,False
2026-08-23,15,41,4,1,66,False
2026-08-30,18,50,5,1,78,False
2026-09-06,17,47,5,1,72,False
2026-09-13,14,38,4,1,56,False
2026-09-20,16,40,4,1,57,False
2026-09-27,14,38,3,1,52,True
