level,domain,canonical_role,tier,query_variant,country,api_count,raw_count,title_match_count,exact_duplicates_removed,near_duplicates_removed,employer_cap_removed,clean_count,salary_count,salary_percentage,collection_timestamp,unmatched_count,excluded_by_rule_count,ambiguous_multi_count,mapped_to_other_role_count,capped_by_max_records,query_status,api_count_sum_over_variants,yield_clean_per_raw,employer_cap_n,projected_clean_if_fully_pulled_UPPER_BOUND_inferred
variant,Technology & Data,Software Engineer,firm,software engineer,in,9129,500,398,0,71,0,327,20,6.1,2026-09-29T17:42:07Z,86,8,6,2,True,complete,,,,
variant,Technology & Data,Software Engineer,firm,software developer,in,1937,500,372,52,38,44,238,17,7.1,2026-09-29T17:42:33Z,112,15,1,0,True,complete,,,,
variant,Technology & Data,Software Engineer,firm,software development engineer,in,1166,150,127,127,0,0,0,0,0.0,2026-09-29T17:42:40Z,12,10,1,0,True,complete,,,,
variant,Technology & Data,Software Engineer,firm,application developer,in,528,500,218,6,70,0,142,12,8.5,2026-09-29T17:43:07Z,264,4,1,13,True,complete,,,,
variant,Technology & Data,Software Engineer,firm,(other roles' queries),in,,,234,47,16,4,167,1,0.6,2026-09-29T17:57:32Z,,,,,,,,,,
role,Technology & Data,Software Engineer,firm,ALL_VARIANTS,in,9129,1650,1349,232,195,48,874,50,5.7,2026-09-29T17:57:32Z,,,,,True,complete,12760,0.53,46,6759
variant,Technology & Data,Data Analyst,firm,data analyst,in,842,500,261,0,10,0,251,20,8.0,2026-09-29T17:43:34Z,197,0,9,33,True,complete,,,,
variant,Technology & Data,Data Analyst,firm,bi analyst,in,63,63,26,4,1,0,21,1,4.8,2026-09-29T17:43:38Z,30,0,0,7,False,complete,,,,
variant,Technology & Data,Data Analyst,firm,business intelligence analyst,in,44,44,31,3,3,0,25,2,8.0,2026-09-29T17:43:42Z,12,0,0,1,False,complete,,,,
variant,Technology & Data,Data Analyst,firm,reporting analyst,in,259,259,6,4,0,0,2,0,0.0,2026-09-29T17:43:56Z,240,0,0,13,False,complete,,,,
variant,Technology & Data,Data Analyst,firm,(other roles' queries),in,,,51,45,0,0,6,0,0.0,2026-09-29T17:57:32Z,,,,,,,,,,
role,Technology & Data,Data Analyst,firm,ALL_VARIANTS,in,842,866,375,56,14,0,305,23,7.5,2026-09-29T17:57:32Z,,,,,True,complete,1208,0.352,15,425
variant,Technology & Data,Data Scientist,firm,data scientist,in,1264,500,372,1,30,1,340,33,9.7,2026-09-29T17:44:23Z,119,0,5,4,True,complete,,,,
variant,Technology & Data,Data Scientist,firm,machine learning engineer,in,212,212,176,0,25,3,148,10,6.8,2026-09-29T17:44:36Z,20,0,1,15,False,complete,,,,
variant,Technology & Data,Data Scientist,firm,applied scientist,in,236,236,195,0,26,58,111,4,3.6,2026-09-29T17:44:52Z,41,0,0,0,False,complete,,,,
variant,Technology & Data,Data Scientist,firm,(other roles' queries),in,,,25,18,2,0,5,0,0.0,2026-09-29T17:57:32Z,,,,,,,,,,
role,Technology & Data,Data Scientist,firm,ALL_VARIANTS,in,1264,948,768,19,83,62,604,47,7.8,2026-09-29T17:57:32Z,,,,,True,complete,1712,0.637,33,1091
variant,Technology & Data,Data Engineer,firm,data engineer,in,2805,500,307,2,45,0,260,18,6.9,2026-09-29T17:45:27Z,132,1,8,52,True,complete,,,,
variant,Technology & Data,Data Engineer,firm,etl developer,in,44,44,32,1,3,0,28,2,7.1,2026-09-29T17:45:30Z,11,0,0,1,False,complete,,,,
variant,Technology & Data,Data Engineer,firm,big data engineer,in,42,42,28,2,5,0,21,1,4.8,2026-09-29T17:45:33Z,8,0,0,6,False,complete,,,,
variant,Technology & Data,Data Engineer,firm,analytics engineer,in,191,191,104,14,8,0,82,0,0.0,2026-09-29T17:45:44Z,69,0,0,18,False,complete,,,,
variant,Technology & Data,Data Engineer,firm,(other roles' queries),in,,,51,16,16,0,19,0,0.0,2026-09-29T17:57:32Z,,,,,,,,,,
role,Technology & Data,Data Engineer,firm,ALL_VARIANTS,in,2805,777,522,35,77,0,410,21,5.1,2026-09-29T17:57:32Z,,,,,True,complete,3082,0.528,20,1626
variant,Technology & Data,DevOps / Cloud Engineer,firm,devops engineer,in,822,500,389,2,33,0,354,34,9.6,2026-09-29T17:46:12Z,73,0,4,34,True,complete,,,,
variant,Technology & Data,DevOps / Cloud Engineer,firm,cloud engineer,in,842,500,178,31,43,0,104,11,10.6,2026-09-29T17:46:38Z,234,0,5,83,True,complete,,,,
variant,Technology & Data,DevOps / Cloud Engineer,firm,site reliability engineer,in,325,325,286,14,27,0,245,20,8.2,2026-09-29T17:46:55Z,34,0,3,2,False,complete,,,,
variant,Technology & Data,DevOps / Cloud Engineer,firm,platform engineer,in,990,500,213,61,21,0,131,19,14.5,2026-09-29T17:47:27Z,162,1,6,118,True,complete,,,,
variant,Technology & Data,DevOps / Cloud Engineer,firm,(other roles' queries),in,,,31,6,5,0,20,2,10.0,2026-09-29T17:57:32Z,,,,,,,,,,
role,Technology & Data,DevOps / Cloud Engineer,firm,ALL_VARIANTS,in,822,1825,1097,114,129,0,854,86,10.1,2026-09-29T17:57:32Z,,,,,True,complete,2979,0.468,42,1394
variant,Technology & Data,Security Engineer,probe,security engineer,in,811,500,249,20,15,0,214,9,4.2,2026-09-29T17:47:59Z,139,1,4,107,True,complete,,,,
variant,Technology & Data,Security Engineer,probe,(other roles' queries),in,,,22,2,2,0,18,1,5.6,2026-09-29T17:57:32Z,,,,,,,,,,
role,Technology & Data,Security Engineer,probe,ALL_VARIANTS,in,811,500,271,22,17,0,232,10,4.3,2026-09-29T17:57:32Z,,,,,True,complete,811,0.464,11,376
variant,Technology & Data,Information Security Analyst,probe,information security analyst,in,39,39,24,0,2,3,19,0,0.0,2026-09-29T17:48:01Z,13,0,0,2,False,complete,,,,
role,Technology & Data,Information Security Analyst,probe,ALL_VARIANTS,in,39,39,24,0,2,3,19,0,0.0,2026-09-29T17:57:32Z,,,,,False,complete,39,0.487,1,
variant,Technology & Data,Cybersecurity Engineer,probe,cybersecurity engineer,in,78,78,36,2,3,0,31,3,9.7,2026-09-29T17:48:05Z,38,0,0,4,False,complete,,,,
variant,Technology & Data,Cybersecurity Engineer,probe,(other roles' queries),in,,,34,0,8,2,24,2,8.3,2026-09-29T17:57:32Z,,,,,,,,,,
role,Technology & Data,Cybersecurity Engineer,probe,ALL_VARIANTS,in,78,78,70,2,11,2,55,5,9.1,2026-09-29T17:57:32Z,,,,,False,complete,78,0.705,2,
variant,Technology & Data,Information Security Engineer,probe,information security engineer,in,72,72,54,37,3,3,11,2,18.2,2026-09-29T17:48:10Z,14,0,2,2,False,complete,,,,
variant,Technology & Data,Information Security Engineer,probe,(other roles' queries),in,,,37,0,7,5,25,1,4.0,2026-09-29T17:57:32Z,,,,,,,,,,
role,Technology & Data,Information Security Engineer,probe,ALL_VARIANTS,in,72,72,91,37,10,8,36,3,8.3,2026-09-29T17:57:32Z,,,,,False,complete,72,0.5,2,
variant,Technology & Data,Cybersecurity Analyst,probe,cybersecurity analyst,in,27,27,10,0,2,0,8,0,0.0,2026-09-29T17:48:13Z,15,0,0,2,False,complete,,,,
role,Technology & Data,Cybersecurity Analyst,probe,ALL_VARIANTS,in,27,27,10,0,2,0,8,0,0.0,2026-09-29T17:57:32Z,,,,,False,complete,27,0.296,1,
variant,"Business, Finance & Management",Business Analyst,firm,business analyst,in,1263,500,370,21,19,0,330,29,8.8,2026-09-29T17:48:40Z,88,0,11,31,True,complete,,,,
variant,"Business, Finance & Management",Business Analyst,firm,systems analyst,in,262,262,192,33,12,0,147,1,0.7,2026-09-29T17:48:59Z,66,0,2,2,False,complete,,,,
variant,"Business, Finance & Management",Business Analyst,firm,functional analyst,in,102,102,75,11,4,1,59,2,3.4,2026-09-29T17:49:13Z,24,0,1,2,False,complete,,,,
variant,"Business, Finance & Management",Business Analyst,firm,product analyst,in,187,187,106,14,8,3,81,9,11.1,2026-09-29T17:49:27Z,60,0,13,8,False,complete,,,,
variant,"Business, Finance & Management",Business Analyst,firm,(other roles' queries),in,,,127,66,12,3,46,3,6.5,2026-09-29T17:57:32Z,,,,,,,,,,
role,"Business, Finance & Management",Business Analyst,firm,ALL_VARIANTS,in,1263,1051,870,145,55,7,663,44,6.6,2026-09-29T17:57:32Z,,,,,True,complete,1814,0.631,33,1144
variant,"Business, Finance & Management",Financial Analyst,firm,financial analyst,in,587,500,324,12,47,37,228,10,4.4,2026-09-29T17:49:53Z,134,0,4,38,True,complete,,,,
variant,"Business, Finance & Management",Financial Analyst,firm,finance analyst,in,587,500,324,324,0,0,0,0,0.0,2026-09-29T17:50:20Z,134,0,4,38,True,complete,,,,
variant,"Business, Finance & Management",Financial Analyst,firm,fp&a analyst,in,59,59,33,14,0,0,19,1,5.3,2026-09-29T17:50:24Z,24,0,0,2,False,complete,,,,
variant,"Business, Finance & Management",Financial Analyst,firm,investment analyst,in,56,56,12,0,2,0,10,1,10.0,2026-09-29T17:50:31Z,32,0,1,11,False,complete,,,,
variant,"Business, Finance & Management",Financial Analyst,firm,(other roles' queries),in,,,12,0,1,1,10,0,0.0,2026-09-29T17:57:32Z,,,,,,,,,,
role,"Business, Finance & Management",Financial Analyst,firm,ALL_VARIANTS,in,587,1115,705,350,50,38,267,12,4.5,2026-09-29T17:57:32Z,,,,,True,complete,1289,0.239,15,309
variant,"Business, Finance & Management",Product Manager,firm,product manager,in,1823,500,349,0,24,0,325,30,9.2,2026-09-29T17:50:58Z,139,0,2,10,True,complete,,,,
variant,"Business, Finance & Management",Product Manager,firm,product owner,in,291,291,282,5,17,0,260,7,2.7,2026-09-29T17:51:15Z,2,0,7,0,False,complete,,,,
variant,"Business, Finance & Management",Product Manager,firm,associate product manager,in,88,88,49,7,3,0,39,7,17.9,2026-09-29T17:51:21Z,39,0,0,0,False,complete,,,,
variant,"Business, Finance & Management",Product Manager,firm,(other roles' queries),in,,,14,10,0,0,4,0,0.0,2026-09-29T17:57:32Z,,,,,,,,,,
role,"Business, Finance & Management",Product Manager,firm,ALL_VARIANTS,in,1823,879,694,22,44,0,628,44,7.0,2026-09-29T17:57:32Z,,,,,True,complete,2202,0.714,31,1573
variant,"Business, Finance & Management",Project Manager,firm,project manager,in,1836,500,314,7,12,0,295,34,11.5,2026-09-29T17:51:47Z,162,19,3,2,True,complete,,,,
variant,"Business, Finance & Management",Project Manager,firm,program manager,in,1294,500,400,7,38,43,312,12,3.8,2026-09-29T17:52:17Z,96,1,0,3,True,complete,,,,
variant,"Business, Finance & Management",Project Manager,firm,delivery manager,in,423,423,248,23,24,2,199,16,8.0,2026-09-29T17:52:51Z,160,0,7,8,False,complete,,,,
variant,"Business, Finance & Management",Project Manager,firm,scrum master,in,133,133,131,5,11,0,115,9,7.8,2026-09-29T17:52:59Z,0,0,2,0,False,complete,,,,
variant,"Business, Finance & Management",Project Manager,firm,(other roles' queries),in,,,13,2,0,0,11,1,9.1,2026-09-29T17:57:32Z,,,,,,,,,,
role,"Business, Finance & Management",Project Manager,firm,ALL_VARIANTS,in,1836,1556,1106,44,85,45,932,72,7.7,2026-09-29T17:57:32Z,,,,,True,complete,3686,0.599,48,2208
variant,"Business, Finance & Management",Digital Marketing,firm,digital marketing,in,390,390,369,0,20,0,349,89,25.5,2026-09-29T17:53:23Z,12,0,9,0,False,complete,,,,
variant,"Business, Finance & Management",Digital Marketing,firm,seo specialist,in,54,54,39,3,1,0,35,10,28.6,2026-09-29T17:53:29Z,15,0,0,0,False,complete,,,,
variant,"Business, Finance & Management",Digital Marketing,firm,performance marketing,in,180,180,173,5,7,0,161,39,24.2,2026-09-29T17:53:41Z,4,0,3,0,False,complete,,,,
variant,"Business, Finance & Management",Digital Marketing,firm,growth marketer,in,15,15,10,0,0,0,10,5,50.0,2026-09-29T17:53:43Z,5,0,0,0,False,complete,,,,
variant,"Business, Finance & Management",Digital Marketing,firm,(other roles' queries),in,,,2,2,0,0,0,0,0.0,2026-09-29T17:57:32Z,,,,,,,,,,
role,"Business, Finance & Management",Digital Marketing,firm,ALL_VARIANTS,in,390,639,593,10,28,0,555,143,25.8,2026-09-29T17:57:32Z,,,,,False,complete,639,0.869,27,
variant,Engineering,Mechanical Engineer,conditional,mechanical engineer,in,567,500,379,2,58,0,319,28,8.8,2026-09-29T17:54:11Z,113,0,3,5,True,complete,,,,
variant,Engineering,Mechanical Engineer,conditional,mechanical design engineer,in,114,114,105,91,0,0,14,1,7.1,2026-09-29T17:54:18Z,8,0,0,1,False,complete,,,,
variant,Engineering,Mechanical Engineer,conditional,cad engineer,in,75,75,41,4,3,0,34,1,2.9,2026-09-29T17:54:25Z,32,0,0,2,False,complete,,,,
variant,Engineering,Mechanical Engineer,conditional,(other roles' queries),in,,,6,4,0,0,2,0,0.0,2026-09-29T17:57:32Z,,,,,,,,,,
role,Engineering,Mechanical Engineer,conditional,ALL_VARIANTS,in,567,689,531,101,61,0,369,30,8.1,2026-09-29T17:57:32Z,,,,,True,complete,756,0.536,18,405
variant,Engineering,Electrical Engineer,conditional,electrical engineer,in,580,500,383,6,54,2,321,19,5.9,2026-09-29T17:54:59Z,109,0,2,6,True,complete,,,,
variant,Engineering,Electrical Engineer,conditional,electrical design engineer,in,77,77,63,53,2,0,8,1,12.5,2026-09-29T17:55:05Z,14,0,0,0,False,complete,,,,
variant,Engineering,Electrical Engineer,conditional,(other roles' queries),in,,,6,0,0,0,6,0,0.0,2026-09-29T17:57:32Z,,,,,,,,,,
role,Engineering,Electrical Engineer,conditional,ALL_VARIANTS,in,580,577,452,59,56,2,335,20,6.0,2026-09-29T17:57:32Z,,,,,True,complete,657,0.581,16,381
variant,Engineering,Quality Engineer,conditional,quality engineer,in,807,500,174,2,23,0,149,11,7.4,2026-09-29T17:55:30Z,272,49,1,4,True,complete,,,,
variant,Engineering,Quality Engineer,conditional,quality assurance engineer,in,178,178,0,0,0,0,0,0,0.0,2026-09-29T17:55:43Z,177,1,0,0,False,complete,,,,
variant,Engineering,Quality Engineer,conditional,(other roles' queries),in,,,3,1,0,0,2,1,50.0,2026-09-29T17:57:32Z,,,,,,,,,,
role,Engineering,Quality Engineer,conditional,ALL_VARIANTS,in,807,678,177,3,23,0,151,12,7.9,2026-09-29T17:57:32Z,,,,,True,complete,985,0.223,7,219
variant,"Media, Design & Creative",UX Designer,conditional,ux designer,in,238,238,183,0,15,0,168,28,16.7,2026-09-29T17:55:58Z,45,0,1,9,False,complete,,,,
variant,"Media, Design & Creative",UX Designer,conditional,product designer,in,293,293,193,17,8,0,168,19,11.3,2026-09-29T17:56:14Z,94,0,0,6,False,complete,,,,
variant,"Media, Design & Creative",UX Designer,conditional,user experience designer,in,19,19,13,1,3,0,9,0,0.0,2026-09-29T17:56:16Z,5,0,0,1,False,complete,,,,
variant,"Media, Design & Creative",UX Designer,conditional,(other roles' queries),in,,,1,1,0,0,0,0,0.0,2026-09-29T17:57:32Z,,,,,,,,,,
role,"Media, Design & Creative",UX Designer,conditional,ALL_VARIANTS,in,238,550,390,19,26,0,345,47,13.6,2026-09-29T17:57:32Z,,,,,False,complete,550,0.627,17,
variant,"Media, Design & Creative",Graphic Designer,conditional,graphic designer,in,571,500,404,7,20,0,377,58,15.4,2026-09-29T17:56:51Z,93,0,0,3,True,complete,,,,
variant,"Media, Design & Creative",Graphic Designer,conditional,visual designer,in,73,73,41,7,0,0,34,3,8.8,2026-09-29T17:56:59Z,32,0,0,0,False,complete,,,,
variant,"Media, Design & Creative",Graphic Designer,conditional,creative designer,in,74,74,39,17,0,0,22,7,31.8,2026-09-29T17:57:05Z,33,0,2,0,False,complete,,,,
variant,"Media, Design & Creative",Graphic Designer,conditional,(other roles' queries),in,,,11,0,1,0,10,3,30.0,2026-09-29T17:57:32Z,,,,,,,,,,
role,"Media, Design & Creative",Graphic Designer,conditional,ALL_VARIANTS,in,571,647,495,31,21,0,443,71,16.0,2026-09-29T17:57:32Z,,,,,True,complete,718,0.685,22,492
variant,Architecture & Construction,Architect (contamination audit),audit,architect,in,3532,500,494,10,43,0,441,32,7.3,2026-09-29T17:57:32Z,0,0,6,0,True,complete,,,,
variant,Architecture & Construction,Architect (contamination audit),audit,(other roles' queries),in,,,31,3,5,0,23,3,13.0,2026-09-29T17:57:32Z,,,,,,,,,,
role,Architecture & Construction,Architect (contamination audit),audit,ALL_VARIANTS,in,3532,500,525,13,48,0,464,35,7.5,2026-09-29T17:57:32Z,,,,,True,complete,3532,0.928,23,3278
group,Technology & Data,GROUP:security (all members combined),probe,ALL_MEMBERS,in,,,466,61,42,0,363,18,5.0,2026-09-29T17:57:32Z,,,,,,,,,,
