role,query_variant,status,title,n
Security Engineer,security engineer,matched,Network Security Engineer,32
Security Engineer,security engineer,matched,Senior Security Engineer,24
Security Engineer,security engineer,matched,Security Engineer,20
Security Engineer,security engineer,mapped:Cybersecurity Engineer,Cyber Security Engineer,15
Security Engineer,security engineer,matched,Senior Product Security Engineer,14
Security Engineer,security engineer,matched,Product Security Engineer,12
Security Engineer,security engineer,matched,Application Security Engineer,12
Security Engineer,security engineer,mapped:Information Security Engineer,Senior Information Security Engineer,10
Security Engineer,security engineer,matched,"Security Engineer, AWS Security Incident Response",8
Security Engineer,security engineer,matched,Senior Application Security Engineer,7
Security Engineer,security engineer,mapped:Information Security Engineer,Information Security Engineer,7
Security Engineer,security engineer,matched,Senior Cloud Security Engineer,6
Security Engineer,security engineer,matched,Senior Network Security Engineer,5
Security Engineer,security engineer,mapped:Cybersecurity Engineer,Senior Cyber Security Engineer,5
Security Engineer,security engineer,mapped:Information Security Engineer,"Lead Information Security Engineer, ITC",4
Security Engineer,security engineer,matched,Principal Security Engineer,4
Security Engineer,security engineer,mapped:Information Security Engineer,"Principal Information Security Engineer, ITC",4
Security Engineer,security engineer,matched,Lead Security Engineer,4
Security Engineer,security engineer,matched,Cloud Security Engineer,4
Security Engineer,security engineer,unmatched,Engineer - ICT/Security,4
Security Engineer,security engineer,unmatched,Senior Engineer - ICT/Security,4
Security Engineer,security engineer,unmatched,Senior Security Research Engineer,4
Security Engineer,security engineer,unmatched,Engineer- Network & Security,4
Security Engineer,security engineer,unmatched,Security Consulting Engineer,4
Security Engineer,security engineer,unmatched,Consulting Engineer - Security,4
Security Engineer,security engineer,unmatched,Associate - Security Test Engineer,3
Security Engineer,security engineer,unmatched,"Solutions Engineer (Security, GSSO) - Mumbai",3
Security Engineer,security engineer,mapped:Information Security Engineer,Senior Information Security Engineer Consultant,3
Security Engineer,security engineer,unmatched,Senior Security Operations Engineer,3
Security Engineer,security engineer,matched,"Staff Product Security Engineer, PSIRT",3
Security Engineer,security engineer,mapped:Cybersecurity Engineer,SOC Detection and Response - Engineer Cyber Security Engineer,3
Security Engineer,security engineer,matched,AI Security Engineer,3
Security Engineer,security engineer,unmatched,Security Services Engineer (L2),3
Security Engineer,security engineer,matched,Staff Security Engineer,3
Security Engineer,security engineer,matched,"Security Engineer, Stores Application Security",3
Security Engineer,security engineer,unmatched,Security Automation Engineer,3
Security Engineer,security engineer,unmatched,Senior Engineer - Network Security,3
Security Engineer,security engineer,unmatched,"Senior Engineer, SAP Security",3
Security Engineer,security engineer,unmatched,Security Managed Services Engineer (L2),3
Security Engineer,security engineer,unmatched,Lead Security Research Engineer,3
Security Engineer,security engineer,matched,Security Engineer II,3
Security Engineer,security engineer,unmatched,"Solutions Engineer (Security, GSSO) - Bangalore",3
Security Engineer,security engineer,unmatched,Application Security Testing Engineer(Code Review),3
Security Engineer,security engineer,unmatched,"Senior Engineer, AI Security & Automation",3
Security Engineer,security engineer,unmatched,"Support Engineer III, SIG, Security Integrations Group (SIG)",3
Security Engineer,security engineer,matched,Principal Product Security Engineer,3
Security Engineer,security engineer,mapped:Information Security Engineer,Sr. Information Security Engineer,3
Security Engineer,security engineer,matched,Sr . Security Engineer,3
Security Engineer,security engineer,unmatched,Security Managed Services Engineer (L3),3
Security Engineer,security engineer,matched,"Security Engineer, GIOC",2
Security Engineer,security engineer,unmatched,Security Research Engineer,2
Security Engineer,security engineer,unmatched,"Director, Security Engineering - AI",2
Security Engineer,security engineer,mapped:Information Security Engineer,Lead Information Security Engineer-AppSec Champion,2
Security Engineer,security engineer,matched,Senior Manager Info Security Engineer - Cryptography & Certification Management,2
Security Engineer,security engineer,matched,Application Security Engineer - Assistant Vice President,2
Security Engineer,security engineer,unmatched,"Director, Information Security Engineering - ITC",2
Security Engineer,security engineer,matched,Offensive Security Engineer,2
Security Engineer,security engineer,mapped:Software Engineer,Embedded Software Engineer - Security,2
Security Engineer,security engineer,matched,Security Engineer - Identity and Access,2
Security Engineer,security engineer,mapped:DevOps / Cloud Engineer,Senior Associate Security Platform Engineer,2
Security Engineer,security engineer,matched,Senior Infrastructure Security Engineer-L3 (Palo Alto & NGFW),2
Security Engineer,security engineer,unmatched,Sr. Staff Integration Engineer (Security Platform and Data Pipelines),2
Security Engineer,security engineer,matched,Senior Staff Cloud Security Engineer,2
Security Engineer,security engineer,matched,Network and Security Engineer,2
Security Engineer,security engineer,matched,"Senior Network Security Engineer - Jeddah, KSA",2
Security Engineer,security engineer,matched,DevSecOps & Product Security Engineer,2
Security Engineer,security engineer,matched,"Senior Security Engineer,GIOC",2
Security Engineer,security engineer,matched,IT Security Engineer,2
Security Engineer,security engineer,unmatched,Solutions Engineer - Public Sector | Splunk Security (Delhi/Gurgaon),2
Security Engineer,security engineer,unmatched,"Director, Software Engineering | Email Security, SaaS | 15 years, Bangalore",2
Security Engineer,security engineer,unmatched,Senior Security Managed Services Engineer,2
Security Engineer,security engineer,mapped:Cybersecurity Engineer,Sr. Cyber Security Engineer,2
Security Engineer,security engineer,matched,Senior Security Engineer (Security by Design),2
Security Engineer,security engineer,mapped:Cybersecurity Engineer,Lead OT Cyber Security Engineer,2
Security Engineer,security engineer,unmatched,IT Security & Compliance Engineer,2
Security Engineer,security engineer,mapped:Cybersecurity Engineer,Lead Product Cyber Security Engineer I,2
Security Engineer,security engineer,unmatched,SAP Security & GRC Engineer,2
Security Engineer,security engineer,matched,Senior Security Engineer II,2
Security Engineer,security engineer,unmatched,Senior Security Application Engineer,2
Security Engineer,security engineer,mapped:Software Engineer,"Senior Software Engineer – Java, Security & SD-WAN Platform from 8 Years",2
Security Engineer,security engineer,unmatched,Engineer - GISOCC Security IS,2
Security Engineer,security engineer,unmatched,Jr. Engineer - Security,2
Security Engineer,security engineer,mapped:Information Security Engineer,"Information Security Engineer, DLP & Insider Risk",2
Security Engineer,security engineer,mapped:Software Engineer,"Software Engineer III, Security/Privacy, gTech Risk",2
Security Engineer,security engineer,mapped:Information Security Engineer,Information Security Engineer II,2
Security Engineer,security engineer,unmatched,"Software QA Engineer- Networking & Security Protocols, AI, Cloud & Virtualization - 4 to 8 years",2
Security Engineer,security engineer,mapped:Software Engineer,"Senior Software Engineer, Security and Privacy, Detection AI, Core",2
Security Engineer,security engineer,unmatched,"IND Lead Engineer, Security",2
Security Engineer,security engineer,mapped:Software Engineer,"Staff Software Engineer, Google One Security Development",2
Security Engineer,security engineer,matched,Staff Security Engineer (Vulnerability Management),2
Security Engineer,security engineer,mapped:Software Engineer,"Staff Software Engineer, Security Platform",2
Security Engineer,security engineer,mapped:Information Security Engineer,Associate Information Security Engineer,2
Security Engineer,security engineer,mapped:DevOps / Cloud Engineer,Senior AI Platform Engineer - Security,2
Security Engineer,security engineer,mapped:Cybersecurity Engineer,Senior Cyber security Engineer,2
Security Engineer,security engineer,mapped:Software Engineer,Senior Windows Software Engineer – Biometric & Security Auth,2
Security Engineer,security engineer,matched,Security Engineer - Directory Services,2
Security Engineer,security engineer,ambiguous_multi,Lead Information Security Engineer- Architect,2
Security Engineer,security engineer,unmatched,"Sr. Engineer- Perimeter Security | On-Site, Bangalore",2
Security Engineer,security engineer,mapped:Cybersecurity Engineer,Sr Cyber Security Engineer,2
Security Engineer,security engineer,matched,Senior Associate - Lead Security Engineer,2
Security Engineer,security engineer,matched,Sr Prin IT Technologist - Network Security Engineer,2
Security Engineer,security engineer,unmatched,"Sr. Engineer - Endpoint security | On-Site, Bangalore",2
Security Engineer,security engineer,unmatched,Senior Associate Secure Data exchange Engineer,2
Security Engineer,security engineer,matched,Facilities and Security Engineer,2
Security Engineer,security engineer,unmatched,SR Security Operations Engineer,2
Security Engineer,security engineer,matched,Staff Product Security Engineer,2
Security Engineer,security engineer,matched,Senior Security Engineer - IOT,2
Security Engineer,security engineer,matched,Associate IS Security Engineer,2
Security Engineer,security engineer,unmatched,Senior IT Security Analyst (Senior IAM Engineer),2
Security Engineer,security engineer,matched,Security Engineer WAF and SSLO (L2),2
Security Engineer,security engineer,mapped:Software Engineer,"Software Development Engineer II, AWS Compliance & Security Assurance, Denied Party Screening",2
Security Engineer,security engineer,unmatched,"Staff Engineer, Security Architecture",2
Security Engineer,security engineer,mapped:DevOps / Cloud Engineer,Security Platform Engineer,2
Security Engineer,security engineer,unmatched,Information Security Support Engineer,2
Security Engineer,security engineer,matched,Systems and Security Engineer,2
Security Engineer,security engineer,unmatched,"Software Engineering Technical Leader, Security Officer / DevSecOps (BLR G11)",2
Security Engineer,security engineer,matched,Principal Network Security Engineer,2
Security Engineer,security engineer,unmatched,"Network Dev Engineer I(Security), Corporate Network Engineering",2
Security Engineer,security engineer,matched,Senior Platform Security Engineer,2
Security Engineer,security engineer,unmatched,Principal Engineer | AI and Security | 13 years,2
Security Engineer,security engineer,matched,Lead Embedded Security Engineer,2
Security Engineer,security engineer,unmatched,Product Security Apprentice Engineer – Post-Market Surveillance & Security Testing,1
Security Engineer,security engineer,ambiguous_multi,Enterprise Software Engineer (AppOps Security Engineer),1
Security Engineer,security engineer,matched,Network Security Engineer (L3),1
Security Engineer,security engineer,matched,SIEM Security Engineer,1
Security Engineer,security engineer,mapped:Information Security Engineer,"Senior Information Security Engineer, ITC",1
Security Engineer,security engineer,unmatched,EY - Cyber Security - Data Protection and Privacy Platforms Engineering - Manager,1
Security Engineer,security engineer,matched,Sr Security Engineer,1
Security Engineer,security engineer,matched,Senior Security Engineer - Privacy & Data Security,1
Security Engineer,security engineer,matched,NETSKOPE SECURITY ENGINEER,1
Security Engineer,security engineer,matched,L3- Senior Security Engineer,1
Security Engineer,security engineer,matched,L2- Senior Security Engineer,1
Security Engineer,security engineer,matched,Mulesoft - Security Engineer – Integration Specialist,1
Security Engineer,security engineer,unmatched,Assistant Manager - IT Business Information Security Office (BISO) Engineer,1
Security Engineer,security engineer,unmatched,Identity Security Operations Engineer,1
Security Engineer,security engineer,matched,Mobile Security Engineer,1
Security Engineer,security engineer,matched,Security Engineer (L1),1
Security Engineer,security engineer,mapped:Cybersecurity Engineer,Cybersecurity Engineer: Security Operations Center (SOC),1
Security Engineer,security engineer,unmatched,Security Risk Engineer,1
Security Engineer,security engineer,matched,Security Engineer (Detection and Response),1
Security Engineer,security engineer,mapped:Software Engineer,Security Software Engineer,1
Security Engineer,security engineer,matched,Security Engineer – Cloud & Infrastructure Security,1
Security Engineer,security engineer,matched,"SecOps Security Engineer (L3) – Check Point, Palo Alto & Fortinet firewalls",1
Security Engineer,security engineer,unmatched,Security Detection Engineer,1
Security Engineer,security engineer,unmatched,Information Security Engineering Senior Manager - Critical Infrastructure,1
Security Engineer,security engineer,unmatched,Engineer MS - Network Security,1
Security Engineer,security engineer,mapped:Data Engineer,"Sr. Security Data Engineer & Developer, Security Data Platform",1
Security Engineer,security engineer,unmatched,Information Security Engineering Senior Manager – Critical Infrastructure,1
Security Engineer,security engineer,mapped:Software Engineer,"Staff Software Engineer, Frontier Security Team",1
Security Engineer,security engineer,matched,Lead Network Security Engineer,1
Security Engineer,security engineer,matched,Privileged Access Management Security Engineer,1
Security Engineer,security engineer,matched,Infrastructure & Cloud Security Engineer,1
Security Engineer,security engineer,mapped:Software Engineer,Senior Network Security Software Engineer,1
Security Engineer,security engineer,unmatched,Guardicore Micro Segmentation Engineer – L2 Security,1
Security Engineer,security engineer,mapped:Software Engineer,"Senior Mobile Software Engineer (iOS / Android), Identity & Security",1
Security Engineer,security engineer,unmatched,Sr. Design Engineer- Security Systems,1
Security Engineer,security engineer,matched,Senior Security Engineer – Platform,1
Security Engineer,security engineer,unmatched,Network Engineer Security I,1
Security Engineer,security engineer,unmatched,"Director, Security Engineering (Application & Cloud Security)",1
Security Engineer,security engineer,matched,L1 Security Engineer,1
Security Engineer,security engineer,matched,Security Engineer Intern,1
Security Engineer,security engineer,unmatched,"Sr Manager, Active Directory & Entra Engineering - People Leader (Cyber Security)",1
Security Engineer,security engineer,matched,"Security Engineer II, Application Security",1
Security Engineer,security engineer,matched,"Security Engineer I, Application Security",1
Security Engineer,security engineer,unmatched,Engineering Manager – Security Architecture,1
Security Engineer,security engineer,unmatched,Security Integration Engineer,1
Security Engineer,security engineer,unmatched,"Staff Engineer, Offensive Security",1
Security Engineer,security engineer,matched,Senior Security Engineer - DART (Detection and Response Team),1
Security Engineer,security engineer,unmatched,"Sr. Associate Support Engineer, Security",1
Security Engineer,security engineer,matched,Cloud Security Engineer (Oracle Cloud Infrastructure - OCI),1
Security Engineer,security engineer,matched,Senior Security Engineer - Microsoft Sentinel SIEM,1
Security Engineer,security engineer,matched,"Product Security Engineer, Senior",1
Security Engineer,security engineer,mapped:Software Engineer,"Senior Mobile Software Engineer (iOS / Android), Identity & Security - India",1
Security Engineer,security engineer,unmatched,Engineering-L2-Bengaluru-Vice President-Security Engineering,1
Security Engineer,security engineer,matched,"Security Engineer, CyberArk",1
Security Engineer,security engineer,matched,Senior Security Engineer Cryptography,1
Security Engineer,security engineer,matched,"Senior Security Engineer, DeFi",1
Security Engineer,security engineer,matched,"Cloud Security, CNAPP - Security Engineer",1
Security Engineer,security engineer,unmatched,Security Operations Center (SOC) Analyst / Engineer,1
Security Engineer,security engineer,unmatched,Application Security (AppSec) / DevSecOps Engineer,1
Security Engineer,security engineer,matched,NETWORK SECURITY ENGINEER,1
Security Engineer,security engineer,matched,System Security Engineer,1
Security Engineer,security engineer,matched,"Lead Security Engineer | AWS, Cloud & Application Security",1
Security Engineer,security engineer,matched,"Senior Security Engineer, Detection & Response",1
Security Engineer,security engineer,matched,Security Engineer Intern - Summer 2027,1
Security Engineer,security engineer,matched,Staff Product Security Engineer (Security),1
Security Engineer,security engineer,mapped:Information Security Engineer,Lead Information Security Engineer- PAM,1
Security Engineer,security engineer,unmatched,Solution Engineering - Security,1
Security Engineer,security engineer,matched,Senior Application Security Engineer - India,1
Security Engineer,security engineer,matched,Android Security Engineer,1
Security Engineer,security engineer,unmatched,Sr. IT Engineer (Security),1
Security Engineer,security engineer,matched,MTS 1 - Mobile Security Engineer,1
Security Engineer,security engineer,unmatched,Security & Compliance Engineer,1
Security Engineer,security engineer,unmatched,Cloud Security & DevSecOps Engineer (AWS) - 6 Week Contract,1
Security Engineer,security engineer,matched,Lead Security Engineer -Microsoft Intune,1
Security Engineer,security engineer,matched,Senior Corporate Security Engineer,1
Security Engineer,security engineer,unmatched,Security Information and Event Management (SIEM) Engineer,1
Security Engineer,security engineer,mapped:Cybersecurity Engineer,Cyber Security Engineer -Sentinel & XDR SME,1
Security Engineer,security engineer,unmatched,Sr. Engineer - Security Engineering,1
Security Engineer,security engineer,matched,"Lead AI Security Engineer, AI Identities",1
Security Engineer,security engineer,unmatched,Software Engineering PMTS - Cloud Security - Hyderabad,1
Security Engineer,security engineer,mapped:Software Engineer,Senior Software Engineer - Application Security,1
Security Engineer,security engineer,unmatched,Staff Engineer - Security,1
Security Engineer,security engineer,unmatched,"VP, Engineering Cyber Security Mgr",1
Security Engineer,security engineer,mapped:Software Engineer,Software Engineer 3 – Platform Security,1
Security Engineer,security engineer,unmatched,Backend Engineer (Go) – Endpoint Security,1
Security Engineer,security engineer,matched,Product Security Engineer 5,1
Security Engineer,security engineer,mapped:Information Security Engineer,Information Security Engineer (II),1
Security Engineer,security engineer,unmatched,Solutions Engineer – Public Sector | Splunk Security (Delhi/Gurgaon),1
Security Engineer,security engineer,mapped:Information Security Engineer,Lead Information Security Engineer - IAM (Java Full Stack Developer),1
Security Engineer,security engineer,unmatched,Backend Engineer (Go) – AI Security Platform,1
Security Engineer,security engineer,unmatched,Principal Info Security Risk Engineer IND [T500-29476],1
Security Engineer,security engineer,matched,Senior Security Engineer – EDR & Malware Defence,1
Security Engineer,security engineer,matched,"Staff Security Engineer, Abuse Control",1
Security Engineer,security engineer,matched,Senior Offensive Security Engineer,1
Security Engineer,security engineer,matched,"Security Engineer, ACE",1
Security Engineer,security engineer,mapped:Software Engineer,"Senior Software Engineer, AI Security",1
Security Engineer,security engineer,unmatched,Prin Info Security Risk Engineer IND,1
Security Engineer,security engineer,unmatched,Staff Security Operations Engineer,1
Security Engineer,security engineer,unmatched,Supply Chain Security Engineering - Officer,1
Security Engineer,security engineer,matched,Senior Offensive Security Engineer(Cloud Operations),1
Security Engineer,security engineer,matched,Red Team Security Engineer,1
Security Engineer,security engineer,unmatched,IT Security Engineering Manager,1
Security Engineer,security engineer,unmatched,Senior Engineer - Product Security,1
Security Engineer,security engineer,matched,Infrastructure Security Engineer-L2 (Palo Alto & NGFW),1
Security Engineer,security engineer,matched,Security Engineer — Offensive Security,1
Security Engineer,security engineer,matched,Security Engineer - Cyber Threat Intelligence,1
Security Engineer,security engineer,mapped:Software Engineer,Software Engineer Product Security,1
Security Engineer,security engineer,matched,Principal Security Engineer (India),1
Security Engineer,security engineer,unmatched,Security & Compliance Engineer (Hybrid – Hyd/BLR/Chennai),1
Security Engineer,security engineer,matched,Network Security Engineer - Cochin,1
Security Engineer,security engineer,unmatched,IAM Engineer - AI Security,1
Security Engineer,security engineer,matched,Security Engineer I – Palo Alto Technologies,1
Security Engineer,security engineer,matched,Long term contract-Network & Security Engineer – Infoblox / DDI(Environment)-Remote,1
Security Engineer,security engineer,matched,Staff Infrastructure Security Engineer,1
Security Engineer,security engineer,matched,. Security Engineer — Security Operations,1
Security Engineer,security engineer,matched,Fortinet OT Security Engineer,1
Security Engineer,security engineer,matched,VAPT Security Engineer,1
Security Engineer,security engineer,matched,Netskope Security Engineer,1
Security Engineer,security engineer,unmatched,Presales Engineer - Cyber Security experience is a must,1
Security Engineer,security engineer,matched,SME - Network Security Engineer,1
Security Engineer,security engineer,unmatched,Business Information Security Office (BISO) Engineer,1
Security Engineer,security engineer,unmatched,Senior Security Solutions Engineer,1
Security Engineer,security engineer,unmatched,SME / Sr Engineer - Platform & Endpoint Security,1
Security Engineer,security engineer,matched,Network Security Engineer I,1
Security Engineer,security engineer,unmatched,Senior Firmware Engineer - Security,1
Security Engineer,security engineer,unmatched,"Senior Security Operations Engineer, AIDC",1
Security Engineer,security engineer,unmatched,"Director, Security Engineering",1
Security Engineer,security engineer,unmatched,Forward Deployed Engineer - US National Security,1
Security Engineer,security engineer,matched,Staff Platform Security Engineer (Security),1
Security Engineer,security engineer,mapped:Cybersecurity Engineer,Cybersecurity Engineer - Security Operations Center (SOC),1
Security Engineer,security engineer,mapped:Software Engineer,"Software Engineer – VPN & PKI, Network Security",1
Security Engineer,security engineer,matched,MDR Security Engineer (India),1
Security Engineer,security engineer,matched,Application Security Engineer 2,1
Security Engineer,security engineer,mapped:Information Security Engineer,"Senior Information Security Engineer, Identity Security Engineering",1
Security Engineer,security engineer,mapped:Software Engineer,Senior Software Engineer II (Security),1
Security Engineer,security engineer,matched,Network Security Engineer (Hybrid),1
Security Engineer,security engineer,matched,SaaS Security Engineer,1
Security Engineer,security engineer,unmatched,Assistant Manager - SOC Engineer (OT Security),1
Security Engineer,security engineer,matched,Palo Alto Security Engineer,1
Security Engineer,security engineer,unmatched,"Senior Director, Software Engineering - Cloud Security & Networking experience",1
Security Engineer,security engineer,matched,"Systems Security Engineer, Officer",1
Security Engineer,security engineer,unmatched,TC-CS-Cyber Architecture- OT and Engineering-Cloud Security-Manager,1
Security Engineer,security engineer,matched,Product Security Engineer (Remote),1
Security Engineer,security engineer,mapped:Information Security Engineer,"AVP, Endpoint Information Security Engineer",1
Security Engineer,security engineer,matched,Application Security Engineer - Threat & Vulnerability Management (AI Focus),1
Security Engineer,security engineer,mapped:Software Engineer,"Senior Software Engineer - Java, Security & SD-WAN Platform from 8 Years",1
Security Engineer,security engineer,unmatched,"Senior Engineer, Product Security Testing",1
Security Engineer,security engineer,unmatched,IT Security Engineering Associate Director,1
Security Engineer,security engineer,matched,"Staff Security Engineer, API Security",1
Security Engineer,security engineer,unmatched,"Systems Engineer, Corporate Security",1
Security Engineer,security engineer,unmatched,Security Managed Services Engineer (L1),1
Security Engineer,security engineer,unmatched,"Software Engineering Technical Leader - Networking & Security Protocols, AI, Cloud & Virtualization - 10 to 14 years",1
Security Engineer,security engineer,matched,Security Engineer II (Offensive),1
Security Engineer,security engineer,matched,Zscaler Network Security Engineer,1
Security Engineer,security engineer,matched,AI Security Engineer III,1
Security Engineer,security engineer,matched,AWS Security Engineer,1
Security Engineer,security engineer,unmatched,"Senior Engineer - Application Security (Akamai, WAF)",1
Security Engineer,security engineer,unmatched,Network Engineer/Network security,1
Security Engineer,security engineer,matched,L2 - Endpoint Security Engineer,1
Security Engineer,security engineer,matched,SAP Basis & Security Engineer,1
Security Engineer,security engineer,unmatched,Network Security Operation Engineer,1
Security Engineer,security engineer,unmatched,Senior Network Security Operations Engineer(Checkpoint Firewall),1
Security Engineer,security engineer,matched,"Sr. Security Engineer, Stores Application Security",1
Security Engineer,security engineer,matched,"Security Engineer II, Stores Application Security",1
Security Engineer,security engineer,matched,Lead Security Engineer - Penetration Testing & AI Security,1
Security Engineer,security engineer,matched,Forward Deployed Security Engineer,1
Security Engineer,security engineer,unmatched,Digital Trust and Resilience Engineer (Security Governance),1
Security Engineer,security engineer,unmatched,Tech Governance - Security Compliance & Governance Engineer (Mandarin Bilingual Required),1
Security Engineer,security engineer,matched,"Senior Security Engineer, Research & Engineering (United Kingdom)",1
Security Engineer,security engineer,matched,AI Security Engineer (Offensive & Defensive),1
Security Engineer,security engineer,matched,Analyst Information Security / Security Engineer,1
Security Engineer,security engineer,matched,Application Security Engineer (AppSec Engineer) - Bengaluru,1
Security Engineer,security engineer,matched,Senior Staff Software Security Engineer,1
Security Engineer,security engineer,matched,Senior Security Engineer (Defensive),1
Security Engineer,security engineer,unmatched,Security Support Engineer II,1
Security Engineer,security engineer,unmatched,QA Engineer III - Security,1
Security Engineer,security engineer,matched,Firmware security engineer,1
Security Engineer,security engineer,matched,Application Security Engineer II - Contract ( 6 months ),1
Security Engineer,security engineer,unmatched,Senior Security MS Engineer - NAC,1
Security Engineer,security engineer,matched,"AI Security Engineer (Teradyne, India)",1
Security Engineer,security engineer,unmatched,Security Operations Engineer,1
Security Engineer,security engineer,unmatched,Data Security Analyst Engineer,1
Security Engineer,security engineer,unmatched,Security / Policy Engineer,1
Security Engineer,security engineer,matched,Key Management & Cryptographic Security Engineer,1
Security Engineer,security engineer,mapped:DevOps / Cloud Engineer,Senior Security DevOps Engineer (SAP & AI Automation),1
Security Engineer,security engineer,mapped:Software Engineer,"Senior Software Engineer, Information Security",1
Security Engineer,security engineer,unmatched,"Sr.Staff Engineer,Secure Web Gateway.",1
Security Engineer,security engineer,matched,Security Engineer - SIEM Engineer,1
Security Engineer,security engineer,unmatched,Software Security Compiler Engineer,1
Security Engineer,security engineer,unmatched,PKI Certificate Management - Security Identity Engineer,1
Security Engineer,security engineer,unmatched,TC-CS-Cyber Architecture- OT and Engineering-Devops- Cloud Security-Senior,1
Security Engineer,security engineer,mapped:Cybersecurity Engineer,Lead Network & Cyber Security Engineer-L3,1
Security Engineer,security engineer,unmatched,Security Content Engineer (Data Engineering),1
Security Engineer,security engineer,unmatched,Staff Security Content Engineer (Detection Engineering),1
Security Engineer,security engineer,unmatched,Senior Application Security (DevSecOps) Engineer,1
Security Engineer,security engineer,matched,Sr Offensive Security Engineer,1
Security Engineer,security engineer,mapped:Cybersecurity Engineer,R&D Cyber Security Engineer - IN MACH - India Development Centre,1
Security Engineer,security engineer,excluded_by_rule,"Staff Software Development Engineer in Test, Secure Web Gateway",1
Security Engineer,security engineer,matched,Manager - AppSec/DevSecOps Security Engineer,1
Security Engineer,security engineer,matched,SME- Network Security Engineer,1
Security Engineer,security engineer,matched,Sr. Security Engineer,1
Security Engineer,security engineer,unmatched,"Director, Software Engineering - Security Asset Inventory Platform",1
Security Engineer,security engineer,unmatched,Network Security Lead Engineer,1
Security Engineer,security engineer,unmatched,Senior Information Security Officer/Engineer,1
Security Engineer,security engineer,unmatched,Security Research Engineer - Customer Success,1
Security Engineer,security engineer,mapped:Information Security Engineer,Senior information security Engineer - Vulnerability Management,1
Security Engineer,security engineer,mapped:Cybersecurity Engineer,EM - DI - Cyber Security Engineer,1
Security Engineer,security engineer,mapped:Cybersecurity Engineer,EM - DI - Automotive Cyber Security Engineer,1
Security Engineer,security engineer,unmatched,Principal-Security Engineering,1
Security Engineer,security engineer,matched,Senior Security Engineer – Palo Alto Technologies,1
Security Engineer,security engineer,matched,Senior Cloud Security Engineer â AWS,1
Security Engineer,security engineer,unmatched,Sr. Engineer Cloud Security,1
Security Engineer,security engineer,matched,Lead Response Technology and Automation Security Engineer,1
Security Engineer,security engineer,matched,Security Engineer I - Palo Alto Technologies,1
Security Engineer,security engineer,matched,Senior Security Engineer - Palo Alto Technologies,1
Security Engineer,security engineer,ambiguous_multi,"Siftware Engineering Technical Leader - SRE | Security Architect, Kubernetes,AWS,Terraform | 13 years | Bangalore",1
Security Engineer,security engineer,unmatched,Cyber Security Pre-Sales & Post-Sales Engineer Required at Delhi - ( Job ID - 24147),1
Security Engineer,security engineer,unmatched,FPGA Post Silicon Validation Engineer - Security,1
Security Engineer,security engineer,unmatched,Sr. Engineer – Security Engineering (Zscaler),1
Security Engineer,security engineer,matched,Senior Security Engineer - Product Security,1
Security Engineer,security engineer,unmatched,Application Security Engineering Lead,1
Security Engineer,security engineer,matched,Security Engineer - Vulnerability,1
Security Engineer,security engineer,unmatched,"AWS DevOps (Cloud Security ,Cloud Networking) Engineer",1
Security Engineer,security engineer,matched,Endpoint Security Engineer,1
Security Engineer,security engineer,matched,Senior Security Engineer – Red Team,1
Security Engineer,security engineer,matched,"Senior Security Engineer, CIAM-Contractual",1
Security Engineer,security engineer,matched,Network Security Engineer-L2,1
Security Engineer,security engineer,matched,Lead Security Engineer - Data Security & RL for Cyberecurity,1
Security Engineer,security engineer,matched,Offensive Security Engineer / Pen Tester (Ethical Hacker) — Konfirmity,1
Security Engineer,security engineer,mapped:Software Engineer,"Software Engineer, Security Platform",1
Security Engineer,security engineer,matched,Senior Security Engineer - Perimeter Security Operations,1
Security Engineer,security engineer,matched,Security engineer-Sourcing Team Q2 26,1
Security Engineer,security engineer,mapped:Software Engineer,"Senior Staff Software Development Engineer - API Security, WAF",1
Security Engineer,security engineer,unmatched,Information Security Engineering Manager,1
Security Engineer,security engineer,mapped:Architect (contamination audit),Senior Lead Engineer/ Architect - Security Layer 2/ Layer 3 Developer,1
Security Engineer,security engineer,mapped:Information Security Engineer,P1-GP-Information Security Engineer (Generalist – AI & Automation Focus),1
Security Engineer,security engineer,unmatched,Information Security - IAM - Systems Engineer,1
Security Engineer,security engineer,unmatched,Information Security - Firewall - Systems Engineer,1
Security Engineer,security engineer,matched,Senior Embedded Platform Security Engineer,1
Security Engineer,security engineer,unmatched,"Engineering Manager II, Cloud Security-Confluent",1
Security Engineer,security engineer,matched,Associate Application Security Engineer 2,1
Security Engineer,security engineer,matched,Associate Enterprise Security Engineer 2,1
Security Engineer,security engineer,mapped:Information Security Engineer,Senior Information Security Engineer 1,1
Security Engineer,security engineer,mapped:Information Security Engineer,Information Security Engineer 1,1
Security Engineer,security engineer,matched,"IT Security Engineer, Sr",1
Security Engineer,security engineer,matched,Senior Endpoint Security Engineer for Cyber Defense Engineering,1
Security Engineer,security engineer,matched,Embedded Security Engineer,1
Security Engineer,security engineer,unmatched,"Staff Engineer DevOps, Data Security (DLP)",1
Security Engineer,security engineer,unmatched,Senior Security Infrastructure Engineer,1
Security Engineer,security engineer,matched,Senior Security Engineer — Course Creator (Content Engineering),1
Security Engineer,security engineer,unmatched,Infrastructure Security and Data Security Engineers,1
Security Engineer,security engineer,unmatched,Security Testing Engineer,1
Security Engineer,security engineer,unmatched,"Senior Analyst Detection Engineering, Information Security",1
Security Engineer,security engineer,unmatched,Application Engineer- Fire & Security,1
Security Engineer,security engineer,matched,Sr. Product Security Engineer,1
Security Engineer,security engineer,unmatched,Security Threat Detection Engineer - II (SOC),1
Security Engineer,security engineer,matched,Security Engineer - II (SOC),1
Security Engineer,security engineer,mapped:DevOps / Cloud Engineer,Cloud Security DevOps Engineer,1
Security Engineer,security engineer,matched,Senior Security Engineer - Security Operations,1
Security Engineer,security engineer,unmatched,Manager Software Development Engineering Cloud Security SASE Data,1
Security Engineer,security engineer,matched,Network Security Engineer Vesu,1
Security Engineer,security engineer,matched,"OT Security Engineer, Cyber Risk",1
Security Engineer,security engineer,unmatched,Security and Automation Engineer,1
Security Engineer,security engineer,matched,QA Automation & Security Engineer,1
Security Engineer,security engineer,matched,Software Security Engineer,1
Security Engineer,security engineer,unmatched,Sr Prin IT Technologist - Security Engineering,1
Security Engineer,security engineer,unmatched,Senior Associate - Security Engineering,1
Security Engineer,security engineer,mapped:Software Engineer,Senior Software Engineer (Security Domain),1
Security Engineer,security engineer,unmatched,Cloud Security Support Engineer,1
Security Engineer,security engineer,unmatched,Senior Associate Engineer - Security,1
Security Engineer,security engineer,unmatched,ASSOCIATE ENGINEER-Mobile Security Testing,1
Security Engineer,security engineer,unmatched,Principal Engineer - Cyber Security,1
Security Engineer,security engineer,mapped:Software Engineer,Software Engineer (SaaS Security),1
Security Engineer,security engineer,unmatched,Infosec Senior Expert Application and Product Security Engineering,1
Security Engineer,security engineer,matched,Network & Security Engineer,1
Security Engineer,security engineer,matched,Senior Associate Network & Security Engineer,1
Security Engineer,security engineer,unmatched,MTS-2 Security Operations Engineer,1
Security Engineer,security engineer,unmatched,Security Engineering Manager,1
Security Engineer,security engineer,unmatched,Security Operations Engineer - PCI DSS,1
Information Security Analyst,information security analyst,matched,Information Security Analyst,8
Information Security Analyst,information security analyst,matched,Senior Information Security Analyst,4
Information Security Analyst,information security analyst,unmatched,"Analyst, HPA Monitoring Analyst, Information Security (L9)",2
Information Security Analyst,information security analyst,matched,"Principal Information Security Analyst, ITC",2
Information Security Analyst,information security analyst,matched,"Lead Information Security Analyst, ITC",2
Information Security Analyst,information security analyst,unmatched,Senior Information Security Assurance Analyst,2
Information Security Analyst,information security analyst,matched,Lead Information Security Analyst (Individual Contributor),2
Information Security Analyst,information security analyst,unmatched,DLP Analyst - Information Security,1
Information Security Analyst,information security analyst,matched,Associate Information Security Analyst,1
Information Security Analyst,information security analyst,matched,Information Security Analyst II,1
Information Security Analyst,information security analyst,unmatched,Sr Analyst III Information Security,1
Information Security Analyst,information security analyst,matched,"Principal Information Security Analyst, TRM, ITC",1
Information Security Analyst,information security analyst,unmatched,Information Security and Compliance Analyst,1
Information Security Analyst,information security analyst,mapped:Security Engineer,Analyst Information Security / Security Engineer,1
Information Security Analyst,information security analyst,unmatched,"Analyst, SIEM, Information Security",1
Information Security Analyst,information security analyst,matched,Information Security Analyst III,1
Information Security Analyst,information security analyst,mapped:Business Analyst,Senior Information Security Business Analyst,1
Information Security Analyst,information security analyst,unmatched,Information Security GRC Analyst,1
Information Security Analyst,information security analyst,unmatched,"Senior Analyst, SIEM & Automation, Information Security",1
Information Security Analyst,information security analyst,unmatched,"Senior Analyst Detection Engineering, Information Security",1
Information Security Analyst,information security analyst,matched,Senior Information Security Analyst (IT Risk),1
Information Security Analyst,information security analyst,unmatched,Senior Analyst - IT & Information Security,1
Information Security Analyst,information security analyst,unmatched,Senior Analyst - Information Security Risk Analyst,1
Information Security Analyst,information security analyst,matched,Managed Services Information Security Analyst,1
Cybersecurity Engineer,cybersecurity engineer,matched,Sr. Cybersecurity Engineer,4
Cybersecurity Engineer,cybersecurity engineer,unmatched,Cybersecurity Engineering - Data Protection Lead,3
Cybersecurity Engineer,cybersecurity engineer,matched,Cybersecurity Engineer,3
Cybersecurity Engineer,cybersecurity engineer,matched,Senior Cybersecurity Engineer,3
Cybersecurity Engineer,cybersecurity engineer,matched,Senior Cybersecurity Engineer - India,3
Cybersecurity Engineer,cybersecurity engineer,unmatched,"Engineer, Cybersecurity Architecture",2
Cybersecurity Engineer,cybersecurity engineer,unmatched,Engineer - Cybersecurity N 4A,2
Cybersecurity Engineer,cybersecurity engineer,matched,Lead Cybersecurity Engineer,2
Cybersecurity Engineer,cybersecurity engineer,unmatched,Penetration Testing - Director - Cybersecurity Engineering,2
Cybersecurity Engineer,cybersecurity engineer,matched,Cybersecurity Engineer - OT,2
Cybersecurity Engineer,cybersecurity engineer,unmatched,Cybersecurity Engineering-AI/ML Assessment,2
Cybersecurity Engineer,cybersecurity engineer,unmatched,Senior Advanced Cybersecurity Detection & Threat Intelligence Engineer,2
Cybersecurity Engineer,cybersecurity engineer,matched,Lead Network and Cybersecurity Engineer,1
Cybersecurity Engineer,cybersecurity engineer,matched,Cybersecurity Engineer: Security Operations Center (SOC),1
Cybersecurity Engineer,cybersecurity engineer,matched,Cybersecurity Engineer (VAPT),1
Cybersecurity Engineer,cybersecurity engineer,matched,Cybersecurity Engineer (Remote | $80–$90/hr),1
Cybersecurity Engineer,cybersecurity engineer,unmatched,Lead Engineer - Cybersecurity Services,1
Cybersecurity Engineer,cybersecurity engineer,matched,"Senior Cybersecurity Engineer (Palo Alto, Microsoft Defender) (Remote - US EST Shift)",1
Cybersecurity Engineer,cybersecurity engineer,unmatched,"Senior Specialist, Cybersecurity Engineering",1
Cybersecurity Engineer,cybersecurity engineer,unmatched,"Principle Engineer, Cybersecurity",1
Cybersecurity Engineer,cybersecurity engineer,unmatched,Cybersecurity Engineering Team Manager,1
Cybersecurity Engineer,cybersecurity engineer,unmatched,Senior Cybersecurity Engineering Team Manager,1
Cybersecurity Engineer,cybersecurity engineer,mapped:Software Engineer,Senior Software Engineer-Automotive Cybersecurity,1
Cybersecurity Engineer,cybersecurity engineer,unmatched,Cybersecurity & Software Engineering Specialist (AI Projects),1
Cybersecurity Engineer,cybersecurity engineer,unmatched,Lead Authentication Engineer _Vice President _Cybersecurity Engineering,1
Cybersecurity Engineer,cybersecurity engineer,unmatched,Cybersecurity IAM Engineer (Okta & AD),1
Cybersecurity Engineer,cybersecurity engineer,unmatched,Cybersecurity presales engineer - Delhi,1
Cybersecurity Engineer,cybersecurity engineer,unmatched,Cybersecurity Presales Engineer,1
Cybersecurity Engineer,cybersecurity engineer,matched,Cybersecurity Engineer – Engineering,1
Cybersecurity Engineer,cybersecurity engineer,unmatched,Senior Cybersecurity Test Engineer,1
Cybersecurity Engineer,cybersecurity engineer,matched,Cybersecurity Engineer - Security Operations Center (SOC),1
Cybersecurity Engineer,cybersecurity engineer,matched,Cybersecurity Engineer - II / III,1
Cybersecurity Engineer,cybersecurity engineer,matched,Data Privacy & Cybersecurity Engineer,1
Cybersecurity Engineer,cybersecurity engineer,unmatched,Senior Golang Engineer (Cybersecurity Platform),1
Cybersecurity Engineer,cybersecurity engineer,mapped:DevOps / Cloud Engineer,Platform Engineer (Cybersecurity Platform),1
Cybersecurity Engineer,cybersecurity engineer,matched,Cybersecurity Engineer – RF,1
Cybersecurity Engineer,cybersecurity engineer,mapped:Quality Engineer,Senior Quality Engineer (Cybersecurity Platform),1
Cybersecurity Engineer,cybersecurity engineer,unmatched,Senior Cybersecurity Vulnerability Program Engineer,1
Cybersecurity Engineer,cybersecurity engineer,unmatched,Cybersecurity Identity and Access Management Engineer,1
Cybersecurity Engineer,cybersecurity engineer,matched,Senior Cybersecurity Engineer - Secrets Management,1
Cybersecurity Engineer,cybersecurity engineer,matched,Cloud / Network / Cybersecurity Engineer,1
Cybersecurity Engineer,cybersecurity engineer,unmatched,Cyber Threat Intelligence Engineer - Director - Cybersecurity Engineering,1
Cybersecurity Engineer,cybersecurity engineer,unmatched,Sr. Engineer - Cybersecurity S 4B,1
Cybersecurity Engineer,cybersecurity engineer,matched,Cybersecurity Engineer - Product Cybersecurity,1
Cybersecurity Engineer,cybersecurity engineer,unmatched,Cybersecurity and Data privacy Engineer - RegTech,1
Cybersecurity Engineer,cybersecurity engineer,unmatched,Leader Software Engineering Cloud Native Cybersecurity Platform,1
Cybersecurity Engineer,cybersecurity engineer,unmatched,"Senior Penetration Testing Engineer, Cybersecurity",1
Cybersecurity Engineer,cybersecurity engineer,unmatched,Cybersecurity Engineering - API Security (2143),1
Cybersecurity Engineer,cybersecurity engineer,unmatched,Technical Product Support Engineer - Endpoint/MTD (Device) & Cybersecurity,1
Cybersecurity Engineer,cybersecurity engineer,mapped:Product Manager,Pre-Sales Engineer / Product Manager – Cybersecurity & Networking,1
Cybersecurity Engineer,cybersecurity engineer,matched,Sr Cybersecurity Engineer,1
Cybersecurity Engineer,cybersecurity engineer,matched,Senior Cybersecurity Engineer – Exposure Management,1
Cybersecurity Engineer,cybersecurity engineer,unmatched,Senior QA Engineer - Cybersecurity Functional testing,1
Cybersecurity Engineer,cybersecurity engineer,unmatched,Senior Cybersecurity Offensive Engineer,1
Cybersecurity Engineer,cybersecurity engineer,unmatched,Cybersecurity Operations Engineer,1
Cybersecurity Engineer,cybersecurity engineer,matched,Operational Technology Cybersecurity Engineer-2,1
Cybersecurity Engineer,cybersecurity engineer,matched,OT/ICS Cybersecurity Engineer,1
Cybersecurity Engineer,cybersecurity engineer,unmatched,"Advisor, Cybersecurity Engineering",1
Cybersecurity Engineer,cybersecurity engineer,matched,OT Cybersecurity Engineer,1
Cybersecurity Engineer,cybersecurity engineer,matched,AI Cybersecurity Engineer (Offensive Security & Threat Modeling),1
Information Security Engineer,information security engineer,matched,Senior Information Security Engineer,10
Information Security Engineer,information security engineer,matched,Information Security Engineer,7
Information Security Engineer,information security engineer,matched,"Lead Information Security Engineer, ITC",4
Information Security Engineer,information security engineer,matched,"Principal Information Security Engineer, ITC",4
Information Security Engineer,information security engineer,matched,Senior Information Security Engineer Consultant,3
Information Security Engineer,information security engineer,matched,Sr. Information Security Engineer,3
Information Security Engineer,information security engineer,matched,Lead Information Security Engineer-AppSec Champion,2
Information Security Engineer,information security engineer,unmatched,"Director, Information Security Engineering - ITC",2
Information Security Engineer,information security engineer,matched,"Information Security Engineer, DLP & Insider Risk",2
Information Security Engineer,information security engineer,matched,Information Security Engineer II,2
Information Security Engineer,information security engineer,matched,Associate Information Security Engineer,2
Information Security Engineer,information security engineer,ambiguous_multi,Lead Information Security Engineer- Architect,2
Information Security Engineer,information security engineer,unmatched,Information Security Support Engineer,2
Information Security Engineer,information security engineer,matched,"Senior Information Security Engineer, ITC",1
Information Security Engineer,information security engineer,unmatched,Assistant Manager - IT Business Information Security Office (BISO) Engineer,1
Information Security Engineer,information security engineer,unmatched,Information Security Engineering Senior Manager - Critical Infrastructure,1
Information Security Engineer,information security engineer,unmatched,Information Security Engineering Senior Manager – Critical Infrastructure,1
Information Security Engineer,information security engineer,matched,Lead Information Security Engineer- PAM,1
Information Security Engineer,information security engineer,unmatched,Security Information and Event Management (SIEM) Engineer,1
Information Security Engineer,information security engineer,matched,Information Security Engineer (II),1
Information Security Engineer,information security engineer,matched,Lead Information Security Engineer - IAM (Java Full Stack Developer),1
Information Security Engineer,information security engineer,unmatched,Business Information Security Office (BISO) Engineer,1
Information Security Engineer,information security engineer,matched,"Senior Information Security Engineer, Identity Security Engineering",1
Information Security Engineer,information security engineer,matched,"AVP, Endpoint Information Security Engineer",1
Information Security Engineer,information security engineer,mapped:Security Engineer,Analyst Information Security / Security Engineer,1
Information Security Engineer,information security engineer,mapped:Software Engineer,"Senior Software Engineer, Information Security",1
Information Security Engineer,information security engineer,unmatched,Senior Information Security Officer/Engineer,1
Information Security Engineer,information security engineer,matched,Senior information security Engineer - Vulnerability Management,1
Information Security Engineer,information security engineer,unmatched,Information Security Engineering Manager,1
Information Security Engineer,information security engineer,matched,P1-GP-Information Security Engineer (Generalist – AI & Automation Focus),1
Information Security Engineer,information security engineer,unmatched,Information Security - IAM - Systems Engineer,1
Information Security Engineer,information security engineer,unmatched,Information Security - Firewall - Systems Engineer,1
Information Security Engineer,information security engineer,matched,Senior Information Security Engineer 1,1
Information Security Engineer,information security engineer,matched,Information Security Engineer 1,1
Information Security Engineer,information security engineer,unmatched,"Senior Analyst Detection Engineering, Information Security",1
Information Security Engineer,information security engineer,matched,Senior Information Security Engineer Consultant - Palo Alto,1
Information Security Engineer,information security engineer,matched,Lead Information Security Engineer,1
Information Security Engineer,information security engineer,matched,Information Security Engineer III,1
Information Security Engineer,information security engineer,matched,Principal Information Security Engineer (AI Product/Cyber Security  SecOps),1
Information Security Engineer,information security engineer,matched,Principal Information Security Engineer,1
Cybersecurity Analyst,cybersecurity analyst,unmatched,Cybersecurity Senior Analyst - Illumio,3
Cybersecurity Analyst,cybersecurity analyst,matched,Cybersecurity Analyst,2
Cybersecurity Analyst,cybersecurity analyst,unmatched,"Sr Analyst, Vendor Risk & Cybersecurity Policy Management",2
Cybersecurity Analyst,cybersecurity analyst,unmatched,"Cybersecurity Lead Analyst - Vulnerability, Cyber Risk Governance, Security Operations",2
Cybersecurity Analyst,cybersecurity analyst,matched,Senior Cybersecurity Analyst - Policy Based Access,2
Cybersecurity Analyst,cybersecurity analyst,unmatched,Information Technology Compliance Officer/Cybersecurity Risk Analyst,2
Cybersecurity Analyst,cybersecurity analyst,unmatched,"Sr Analyst, Cybersecurity Threat",1
Cybersecurity Analyst,cybersecurity analyst,unmatched,Cybersecurity Risk Analyst,1
Cybersecurity Analyst,cybersecurity analyst,matched,GRC - Prin Cybersecurity Analyst,1
Cybersecurity Analyst,cybersecurity analyst,matched,Lead Cybersecurity Analyst,1
Cybersecurity Analyst,cybersecurity analyst,unmatched,Cybersecurity Threat Analyst,1
Cybersecurity Analyst,cybersecurity analyst,matched,Sr Cybersecurity Analyst,1
Cybersecurity Analyst,cybersecurity analyst,mapped:Business Analyst,Senior Business Analyst – Cybersecurity & DevSecOps,1
Cybersecurity Analyst,cybersecurity analyst,mapped:Business Analyst,Senior Business Analyst - Cybersecurity & DevSecOps,1
Cybersecurity Analyst,cybersecurity analyst,unmatched,Cybersecurity Controls Testing Analyst,1
Cybersecurity Analyst,cybersecurity analyst,unmatched,Associate Cybersecurity Risk Analyst,1
Cybersecurity Analyst,cybersecurity analyst,unmatched,GRC Analyst / GRC-Cybersecurity & Compliance,1
Cybersecurity Analyst,cybersecurity analyst,matched,Opening for Cybersecurity Analyst in Pharmaceutical company for BKC location,1
Cybersecurity Analyst,cybersecurity analyst,matched,Cybersecurity Analyst – Attack Surface Management & Attack Path Analysis,1
Cybersecurity Analyst,cybersecurity analyst,matched,Cybersecurity Analyst - Attack Surface Management & Attack Path Analysis,1
